FORECAST_DATE_LOCAL,FORECAST_DATE_GMT,MAX,MIN,OPT,MCR,ACTUAL,dayOfWeek,dayOfMonth,year,month
2025-07-29T23:00:00.000Z,2025-07-30T05:00:00.000Z,1871.14,804.73,1247.93,5688,326.0,4,30,2025,7
2025-07-29T22:00:00.000Z,2025-07-30T04:00:00.000Z,1681.54,734.5,1070.31,5688,326.0,4,30,2025,7
2025-07-29T21:00:00.000Z,2025-07-30T03:00:00.000Z,1301.15,615.94,816.11,5688,326.0,4,30,2025,7
2025-07-29T20:00:00.000Z,2025-07-30T02:00:00.000Z,932.98,411.48,575.15,5688,326.0,4,30,2025,7
2025-07-29T19:00:00.000Z,2025-07-30T01:00:00.000Z,620.21,244.79,370.58,5688,326.0,4,30,2025,7
2025-07-29T18:00:00.000Z,2025-07-30T00:00:00.000Z,439.2,127.34,262.43,5688,326.0,4,30,2025,7
2025-07-29T17:00:00.000Z,2025-07-29T23:00:00.000Z,338.65,63.45,218.22,5688,326.0,3,29,2025,7
2025-07-29T16:00:00.000Z,2025-07-29T22:00:00.000Z,293.64,49.96,152.34,5688,326.0,3,29,2025,7
2025-07-29T15:00:00.000Z,2025-07-29T21:00:00.000Z,267.55,43.21,125.14,5688,326.0,3,29,2025,7
2025-07-29T14:00:00.000Z,2025-07-29T20:00:00.000Z,234.11,45.94,119.8,5688,326.0,3,29,2025,7
2025-07-29T13:00:00.000Z,2025-07-29T19:00:00.000Z,188.99,53.66,123.62,5688,326.0,3,29,2025,7
2025-07-29T12:00:00.000Z,2025-07-29T18:00:00.000Z,176.26,62.51,135.47,5688,326.0,3,29,2025,7
2025-07-29T11:00:00.000Z,2025-07-29T17:00:00.000Z,210.82,50.81,132.57,5688,326.0,3,29,2025,7
2025-07-29T10:00:00.000Z,2025-07-29T16:00:00.000Z,223.14,51.76,131.3,5688,326.0,3,29,2025,7
2025-07-29T09:00:00.000Z,2025-07-29T15:00:00.000Z,236.43,70.81,133.29,5688,326.0,3,29,2025,7
2025-07-29T08:00:00.000Z,2025-07-29T14:00:00.000Z,407.84,99.24,215.01,5688,326.0,3,29,2025,7
2025-07-29T07:00:00.000Z,2025-07-29T13:00:00.000Z,606.0,152.44,344.26,5688,326.0,3,29,2025,7
2025-07-29T06:00:00.000Z,2025-07-29T12:00:00.000Z,640.71,163.24,458.99,5688,326.0,3,29,2025,7
2025-07-29T05:00:00.000Z,2025-07-29T11:00:00.000Z,588.11,190.59,427.64,5688,326.0,3,29,2025,7
2025-07-29T04:00:00.000Z,2025-07-29T10:00:00.000Z,567.63,161.7,437.74,5688,326.0,3,29,2025,7
2025-07-29T03:00:00.000Z,2025-07-29T09:00:00.000Z,1158.74,173.3,574.81,5688,326.0,3,29,2025,7
2025-07-29T02:00:00.000Z,2025-07-29T08:00:00.000Z,1897.36,215.45,775.22,5688,326.0,3,29,2025,7
2025-07-29T01:00:00.000Z,2025-07-29T07:00:00.000Z,2165.3,283.99,931.71,5688,326.0,3,29,2025,7
2025-07-29T00:00:00.000Z,2025-07-29T06:00:00.000Z,2107.98,344.85,968.26,5688,326.0,3,29,2025,7
,2025-07-29T05:00:00.000Z,1665.88,433.62,899.27,5688,326.0,3,29,2025,7
2025-07-28T22:00:00.000Z,2025-07-29T04:00:00.000Z,1428.56,358.51,741.48,5688,326.0,3,29,2025,7
2025-07-28T21:00:00.000Z,2025-07-29T03:00:00.000Z,1497.76,373.9,690.79,5688,326.0,3,29,2025,7
2025-07-28T20:00:00.000Z,2025-07-29T02:00:00.000Z,1225.05,286.41,538.78,5688,326.0,3,29,2025,7
2025-07-28T19:00:00.000Z,2025-07-29T01:00:00.000Z,662.88,171.5,337.63,5688,326.0,3,29,2025,7
2025-07-28T18:00:00.000Z,2025-07-29T00:00:00.000Z,543.87,100.34,262.92,5688,326.0,3,29,2025,7
2025-07-28T17:00:00.000Z,2025-07-28T23:00:00.000Z,364.45,75.65,214.79,5688,326.0,2,28,2025,7
2025-07-28T16:00:00.000Z,2025-07-28T22:00:00.000Z,230.11,77.69,164.37,5688,326.0,2,28,2025,7
2025-07-28T15:00:00.000Z,2025-07-28T21:00:00.000Z,240.73,49.41,137.25,5688,326.0,2,28,2025,7
2025-07-28T14:00:00.000Z,2025-07-28T20:00:00.000Z,175.06,32.87,94.63,5688,326.0,2,28,2025,7
2025-07-28T13:00:00.000Z,2025-07-28T19:00:00.000Z,150.62,32.82,89.11,5688,326.0,2,28,2025,7
2025-07-28T12:00:00.000Z,2025-07-28T18:00:00.000Z,221.17,35.25,86.46,5688,326.0,2,28,2025,7
2025-07-28T11:00:00.000Z,2025-07-28T17:00:00.000Z,270.51,27.65,91.2,5688,326.0,2,28,2025,7
2025-07-28T10:00:00.000Z,2025-07-28T16:00:00.000Z,275.03,17.9,91.34,5688,326.0,2,28,2025,7
2025-07-28T09:00:00.000Z,2025-07-28T15:00:00.000Z,249.02,13.22,128.0,5688,326.0,2,28,2025,7
2025-07-28T08:00:00.000Z,2025-07-28T14:00:00.000Z,307.63,24.86,137.18,5688,326.0,2,28,2025,7
2025-07-28T07:00:00.000Z,2025-07-28T13:00:00.000Z,394.79,44.72,167.76,5688,326.0,2,28,2025,7
2025-07-28T06:00:00.000Z,2025-07-28T12:00:00.000Z,352.53,85.25,213.39,5688,326.0,2,28,2025,7
2025-07-28T05:00:00.000Z,2025-07-28T11:00:00.000Z,397.55,104.94,239.03,5688,326.0,2,28,2025,7
2025-07-28T04:00:00.000Z,2025-07-28T10:00:00.000Z,514.5,144.89,274.84,5688,326.0,2,28,2025,7
2025-07-28T03:00:00.000Z,2025-07-28T09:00:00.000Z,563.01,172.7,333.57,5688,326.0,2,28,2025,7
,2025-07-28T08:00:00.000Z,701.22,183.15,369.79,5688,326.0,2,28,2025,7
2025-07-28T01:00:00.000Z,2025-07-28T07:00:00.000Z,872.21,240.81,461.0,5688,326.0,2,28,2025,7
2025-07-28T00:00:00.000Z,,1059.15,396.63,603.74,5688,326.0,2,28,2025,7
2025-07-27T23:00:00.000Z,2025-07-28T05:00:00.000Z,1138.53,318.18,745.67,5688,326.0,2,28,2025,7
2025-07-27T22:00:00.000Z,2025-07-28T04:00:00.000Z,1054.3,373.57,724.13,5688,420.68,2,28,2025,7
2025-07-27T21:00:00.000Z,2025-07-28T03:00:00.000Z,932.32,425.99,669.25,5688,587.54,2,28,2025,7
2025-07-27T20:00:00.000Z,2025-07-28T02:00:00.000Z,872.41,330.25,526.37,5688,896.53,2,28,2025,7
2025-07-27T19:00:00.000Z,2025-07-28T01:00:00.000Z,897.22,251.11,486.27,5688,882.1,2,28,2025,7
2025-07-27T18:00:00.000Z,2025-07-28T00:00:00.000Z,908.14,259.09,562.44,5688,1035.34,2,28,2025,7
2025-07-27T17:00:00.000Z,2025-07-27T23:00:00.000Z,757.34,281.66,548.53,5688,893.52,1,27,2025,7
2025-07-27T16:00:00.000Z,2025-07-27T22:00:00.000Z,855.12,262.2,610.51,5688,720.64,1,27,2025,7
2025-07-27T15:00:00.000Z,2025-07-27T21:00:00.000Z,714.67,257.84,558.45,5688,530.95,1,27,2025,7
2025-07-27T14:00:00.000Z,2025-07-27T20:00:00.000Z,611.22,218.77,480.21,5688,416.2,1,27,2025,7
2025-07-27T13:00:00.000Z,2025-07-27T19:00:00.000Z,659.29,152.52,458.0,5688,307.26,1,27,2025,7
2025-07-27T12:00:00.000Z,2025-07-27T18:00:00.000Z,738.39,87.42,511.02,5688,246.79,1,27,2025,7
2025-07-27T11:00:00.000Z,2025-07-27T17:00:00.000Z,794.28,84.98,449.3,5688,210.05,1,27,2025,7
2025-07-27T10:00:00.000Z,2025-07-27T16:00:00.000Z,740.41,101.73,349.27,5688,163.47,1,27,2025,7
2025-07-27T09:00:00.000Z,2025-07-27T15:00:00.000Z,507.59,117.17,239.36,5688,134.37,1,27,2025,7
2025-07-27T08:00:00.000Z,2025-07-27T14:00:00.000Z,457.14,140.43,207.68,5688,173.31,1,27,2025,7
2025-07-27T07:00:00.000Z,2025-07-27T13:00:00.000Z,498.47,166.81,253.39,5688,331.14,1,27,2025,7
2025-07-27T06:00:00.000Z,2025-07-27T12:00:00.000Z,549.18,169.58,316.07,5688,415.47,1,27,2025,7
2025-07-27T05:00:00.000Z,2025-07-27T11:00:00.000Z,600.35,182.93,391.06,5688,202.73,1,27,2025,7
2025-07-27T04:00:00.000Z,2025-07-27T10:00:00.000Z,902.12,203.26,533.38,5688,320.5,1,27,2025,7
2025-07-27T03:00:00.000Z,2025-07-27T09:00:00.000Z,1061.17,229.4,620.69,5688,718.53,1,27,2025,7
2025-07-27T02:00:00.000Z,2025-07-27T08:00:00.000Z,1313.16,268.8,706.12,5688,897.65,1,27,2025,7
2025-07-27T01:00:00.000Z,2025-07-27T07:00:00.000Z,1492.91,413.75,802.6,5688,1223.77,1,27,2025,7
2025-07-27T00:00:00.000Z,2025-07-27T06:00:00.000Z,1520.35,285.75,827.61,5688,1488.93,1,27,2025,7
2025-07-26T23:00:00.000Z,2025-07-27T05:00:00.000Z,1606.04,528.92,851.44,5688,1428.6,1,27,2025,7
2025-07-26T22:00:00.000Z,2025-07-27T04:00:00.000Z,1968.38,720.35,900.72,5688,1690.53,1,27,2025,7
2025-07-26T21:00:00.000Z,2025-07-27T03:00:00.000Z,1735.5,660.98,856.8,5688,1607.54,1,27,2025,7
2025-07-26T20:00:00.000Z,2025-07-27T02:00:00.000Z,1203.78,473.19,628.85,5688,1207.41,1,27,2025,7
2025-07-26T19:00:00.000Z,2025-07-27T01:00:00.000Z,692.5,250.91,421.24,5688,909.92,1,27,2025,7
2025-07-26T18:00:00.000Z,2025-07-27T00:00:00.000Z,437.82,170.73,322.1,5688,558.39,1,27,2025,7
2025-07-26T17:00:00.000Z,2025-07-26T23:00:00.000Z,278.49,110.67,194.0,5688,348.73,7,26,2025,7
2025-07-26T16:00:00.000Z,2025-07-26T22:00:00.000Z,262.24,70.46,142.69,5688,185.0,7,26,2025,7
2025-07-26T15:00:00.000Z,2025-07-26T21:00:00.000Z,181.16,54.19,115.99,5688,121.57,7,26,2025,7
2025-07-26T14:00:00.000Z,2025-07-26T20:00:00.000Z,164.58,43.5,100.39,5688,75.66,7,26,2025,7
2025-07-26T13:00:00.000Z,2025-07-26T19:00:00.000Z,159.57,33.73,84.05,5688,66.08,7,26,2025,7
2025-07-26T12:00:00.000Z,2025-07-26T18:00:00.000Z,134.55,24.66,67.99,5688,77.95,7,26,2025,7
2025-07-26T11:00:00.000Z,2025-07-26T17:00:00.000Z,96.7,28.88,57.53,5688,91.05,7,26,2025,7
2025-07-26T10:00:00.000Z,2025-07-26T16:00:00.000Z,109.55,19.23,58.39,5688,108.06,7,26,2025,7
2025-07-26T09:00:00.000Z,2025-07-26T15:00:00.000Z,153.1,13.23,62.66,5688,143.38,7,26,2025,7
2025-07-26T08:00:00.000Z,2025-07-26T14:00:00.000Z,244.05,19.14,98.09,5688,247.03,7,26,2025,7
2025-07-26T07:00:00.000Z,2025-07-26T13:00:00.000Z,382.49,86.84,209.03,5688,545.19,7,26,2025,7
2025-07-26T06:00:00.000Z,2025-07-26T12:00:00.000Z,480.42,216.76,337.28,5688,874.07,7,26,2025,7
2025-07-26T05:00:00.000Z,2025-07-26T11:00:00.000Z,701.58,302.96,484.14,5688,1014.64,7,26,2025,7
2025-07-26T04:00:00.000Z,2025-07-26T10:00:00.000Z,815.91,366.63,594.12,5688,1003.02,7,26,2025,7
2025-07-26T03:00:00.000Z,2025-07-26T09:00:00.000Z,936.2,459.27,712.58,5688,1123.5,7,26,2025,7
2025-07-26T02:00:00.000Z,2025-07-26T08:00:00.000Z,1188.77,532.7,852.25,5688,1319.95,7,26,2025,7
2025-07-26T01:00:00.000Z,2025-07-26T07:00:00.000Z,1500.87,570.48,1008.25,5688,1487.39,7,26,2025,7
2025-07-26T00:00:00.000Z,2025-07-26T06:00:00.000Z,1719.95,607.25,1082.97,5688,1593.57,7,26,2025,7
2025-07-25T23:00:00.000Z,2025-07-26T05:00:00.000Z,2146.27,676.76,1324.38,5688,1686.78,7,26,2025,7
2025-07-25T22:00:00.000Z,2025-07-26T04:00:00.000Z,2732.27,811.15,1789.23,5688,1657.49,7,26,2025,7
2025-07-25T21:00:00.000Z,2025-07-26T03:00:00.000Z,3230.04,1021.54,2072.02,5688,1793.81,7,26,2025,7
2025-07-25T20:00:00.000Z,2025-07-26T02:00:00.000Z,3052.79,1461.94,2060.98,5688,1821.16,7,26,2025,7
2025-07-25T19:00:00.000Z,2025-07-26T01:00:00.000Z,2769.47,1654.17,2008.94,5688,2088.31,7,26,2025,7
2025-07-25T18:00:00.000Z,2025-07-26T00:00:00.000Z,2712.73,1327.23,1739.99,5688,1811.99,7,26,2025,7
2025-07-25T17:00:00.000Z,2025-07-25T23:00:00.000Z,2260.33,976.11,1526.82,5688,1294.11,6,25,2025,7
2025-07-25T16:00:00.000Z,2025-07-25T22:00:00.000Z,1701.43,809.58,1266.84,5688,880.88,6,25,2025,7
2025-07-25T15:00:00.000Z,2025-07-25T21:00:00.000Z,1520.75,620.86,1114.49,5688,560.7,6,25,2025,7
2025-07-25T14:00:00.000Z,2025-07-25T20:00:00.000Z,1674.61,424.33,1028.65,5688,408.08,6,25,2025,7
2025-07-25T13:00:00.000Z,2025-07-25T19:00:00.000Z,1855.82,382.8,1005.9,5688,342.2,6,25,2025,7
2025-07-25T12:00:00.000Z,2025-07-25T18:00:00.000Z,1971.71,244.79,1010.36,5688,317.09,6,25,2025,7
2025-07-25T11:00:00.000Z,2025-07-25T17:00:00.000Z,2281.46,301.67,1065.81,5688,366.07,6,25,2025,7
2025-07-25T10:00:00.000Z,2025-07-25T16:00:00.000Z,2007.42,431.18,976.54,5688,495.44,6,25,2025,7
2025-07-25T09:00:00.000Z,,2020.24,585.98,1073.77,5688,699.38,6,25,2025,7
2025-07-25T08:00:00.000Z,2025-07-25T14:00:00.000Z,2258.13,986.47,1527.49,5688,1115.28,6,25,2025,7
2025-07-25T07:00:00.000Z,2025-07-25T13:00:00.000Z,2561.79,1328.66,2084.49,5688,1920.25,6,25,2025,7
2025-07-25T06:00:00.000Z,2025-07-25T12:00:00.000Z,3123.33,1906.96,2387.72,5688,2383.1,6,25,2025,7
2025-07-25T05:00:00.000Z,2025-07-25T11:00:00.000Z,3164.58,2103.0,2543.43,5688,2286.98,6,25,2025,7
,2025-07-25T10:00:00.000Z,3228.41,2413.17,2745.71,5688,2237.82,6,25,2025,7
2025-07-25T03:00:00.000Z,2025-07-25T09:00:00.000Z,3246.93,2579.81,2894.2,5688,2376.36,6,25,2025,7
2025-07-25T02:00:00.000Z,2025-07-25T08:00:00.000Z,3329.46,2635.89,3016.89,5688,2247.63,6,25,2025,7
2025-07-25T01:00:00.000Z,2025-07-25T07:00:00.000Z,3401.97,2650.92,3141.73,5688,2259.19,6,25,2025,7
2025-07-25T00:00:00.000Z,2025-07-25T06:00:00.000Z,3423.42,2633.2,3122.81,5688,2314.81,6,25,2025,7
2025-07-24T23:00:00.000Z,2025-07-25T05:00:00.000Z,3449.95,2223.75,2944.95,5688,2371.66,6,25,2025,7
2025-07-24T22:00:00.000Z,2025-07-25T04:00:00.000Z,3625.38,1848.02,2870.11,5688,2139.24,6,25,2025,7
2025-07-24T21:00:00.000Z,2025-07-25T03:00:00.000Z,3496.62,1469.36,2531.92,5688,1798.12,6,25,2025,7
2025-07-24T20:00:00.000Z,2025-07-25T02:00:00.000Z,3009.63,1267.98,2112.91,5688,1462.19,6,25,2025,7
2025-07-24T19:00:00.000Z,2025-07-25T01:00:00.000Z,2508.1,1246.34,1844.6,5688,1236.24,6,25,2025,7
2025-07-24T18:00:00.000Z,2025-07-25T00:00:00.000Z,2459.62,1373.25,1819.72,5688,1399.43,6,25,2025,7
2025-07-24T17:00:00.000Z,2025-07-24T23:00:00.000Z,2670.46,1602.81,1947.76,5688,1619.54,5,24,2025,7
2025-07-24T16:00:00.000Z,2025-07-24T22:00:00.000Z,2710.15,1751.13,2028.29,5688,1815.19,5,24,2025,7
2025-07-24T15:00:00.000Z,2025-07-24T21:00:00.000Z,2608.36,1630.3,1972.13,5688,1811.08,5,24,2025,7
2025-07-24T14:00:00.000Z,2025-07-24T20:00:00.000Z,2510.62,1582.11,1923.51,5688,1880.02,5,24,2025,7
2025-07-24T13:00:00.000Z,2025-07-24T19:00:00.000Z,2359.47,1520.49,1835.04,5688,1785.75,5,24,2025,7
2025-07-24T12:00:00.000Z,2025-07-24T18:00:00.000Z,2180.22,1310.19,1645.96,5688,1599.05,5,24,2025,7
2025-07-24T11:00:00.000Z,2025-07-24T17:00:00.000Z,2037.14,1011.46,1462.88,5688,1543.52,5,24,2025,7
2025-07-24T10:00:00.000Z,2025-07-24T16:00:00.000Z,1921.77,823.27,1335.12,5688,1383.44,5,24,2025,7
2025-07-24T09:00:00.000Z,2025-07-24T15:00:00.000Z,2038.1,1008.07,1439.0,5688,1169.34,5,24,2025,7
2025-07-24T08:00:00.000Z,2025-07-24T14:00:00.000Z,2471.33,1085.09,1885.42,5688,1484.94,5,24,2025,7
2025-07-24T07:00:00.000Z,2025-07-24T13:00:00.000Z,2952.36,1471.42,2401.23,5688,2104.8,5,24,2025,7
2025-07-24T06:00:00.000Z,2025-07-24T12:00:00.000Z,2993.55,2122.05,2631.05,5688,2275.48,5,24,2025,7
2025-07-24T05:00:00.000Z,2025-07-24T11:00:00.000Z,3138.03,2368.76,2777.95,5688,2325.72,5,24,2025,7
2025-07-24T04:00:00.000Z,2025-07-24T10:00:00.000Z,3443.93,2327.63,2868.92,5688,2383.23,5,24,2025,7
2025-07-24T03:00:00.000Z,2025-07-24T09:00:00.000Z,3613.49,2250.06,2929.6,5688,2417.96,5,24,2025,7
2025-07-24T02:00:00.000Z,2025-07-24T08:00:00.000Z,3496.48,2200.12,2923.07,5688,2339.95,5,24,2025,7
2025-07-24T01:00:00.000Z,2025-07-24T07:00:00.000Z,3284.84,2266.26,2905.39,5688,2290.97,5,24,2025,7
2025-07-24T00:00:00.000Z,2025-07-24T06:00:00.000Z,3013.75,2306.07,2809.78,5688,2105.58,5,24,2025,7
2025-07-23T23:00:00.000Z,2025-07-24T05:00:00.000Z,2763.96,2194.63,2570.75,5688,1702.93,5,24,2025,7
2025-07-23T22:00:00.000Z,2025-07-24T04:00:00.000Z,2389.25,1779.29,2120.31,5688,1347.18,5,24,2025,7
2025-07-23T21:00:00.000Z,2025-07-24T03:00:00.000Z,1881.82,1335.57,1604.5,5688,981.52,5,24,2025,7
2025-07-23T20:00:00.000Z,2025-07-24T02:00:00.000Z,1465.14,927.03,1188.7,5688,616.82,5,24,2025,7
2025-07-23T19:00:00.000Z,2025-07-24T01:00:00.000Z,1196.43,750.26,918.35,5688,478.45,5,24,2025,7
2025-07-23T18:00:00.000Z,2025-07-24T00:00:00.000Z,1013.95,667.45,816.58,5688,518.63,5,24,2025,7
2025-07-23T17:00:00.000Z,2025-07-23T23:00:00.000Z,894.47,555.11,737.12,5688,617.6,4,23,2025,7
2025-07-23T16:00:00.000Z,2025-07-23T22:00:00.000Z,947.03,471.23,664.39,5688,587.68,4,23,2025,7
2025-07-23T15:00:00.000Z,2025-07-23T21:00:00.000Z,936.61,390.84,552.71,5688,554.21,4,23,2025,7
2025-07-23T14:00:00.000Z,2025-07-23T20:00:00.000Z,954.23,319.6,481.7,5688,466.55,4,23,2025,7
2025-07-23T13:00:00.000Z,2025-07-23T19:00:00.000Z,982.38,275.03,471.68,5688,459.73,4,23,2025,7
2025-07-23T12:00:00.000Z,2025-07-23T18:00:00.000Z,1013.8,241.38,481.63,5688,558.29,4,23,2025,7
2025-07-23T11:00:00.000Z,2025-07-23T17:00:00.000Z,1080.43,291.81,511.03,5688,585.55,4,23,2025,7
2025-07-23T10:00:00.000Z,2025-07-23T16:00:00.000Z,784.12,243.55,413.09,5688,513.53,4,23,2025,7
2025-07-23T09:00:00.000Z,2025-07-23T15:00:00.000Z,438.43,180.4,286.17,5688,336.39,4,23,2025,7
2025-07-23T08:00:00.000Z,2025-07-23T14:00:00.000Z,374.15,149.59,239.63,5688,230.1,4,23,2025,7
2025-07-23T07:00:00.000Z,2025-07-23T13:00:00.000Z,416.02,143.25,263.34,5688,245.19,4,23,2025,7
2025-07-23T06:00:00.000Z,2025-07-23T12:00:00.000Z,421.51,151.41,275.47,5688,246.64,4,23,2025,7
2025-07-23T05:00:00.000Z,2025-07-23T11:00:00.000Z,337.49,139.2,236.69,5688,283.3,4,23,2025,7
2025-07-23T04:00:00.000Z,2025-07-23T10:00:00.000Z,327.26,188.26,241.0,5688,293.55,4,23,2025,7
2025-07-23T03:00:00.000Z,2025-07-23T09:00:00.000Z,337.26,178.0,235.84,5688,242.31,4,23,2025,7
2025-07-23T02:00:00.000Z,2025-07-23T08:00:00.000Z,364.09,150.67,227.07,5688,257.08,4,23,2025,7
2025-07-23T01:00:00.000Z,2025-07-23T07:00:00.000Z,448.46,126.02,252.72,5688,255.75,4,23,2025,7
2025-07-23T00:00:00.000Z,2025-07-23T06:00:00.000Z,466.41,177.81,289.76,5688,291.46,4,23,2025,7
2025-07-22T23:00:00.000Z,2025-07-23T05:00:00.000Z,512.7,164.18,305.72,5688,297.3,4,23,2025,7
2025-07-22T22:00:00.000Z,2025-07-23T04:00:00.000Z,665.39,159.84,447.95,5688,356.32,4,23,2025,7
2025-07-22T21:00:00.000Z,2025-07-23T03:00:00.000Z,800.0,216.74,608.83,5688,441.02,4,23,2025,7
2025-07-22T20:00:00.000Z,2025-07-23T02:00:00.000Z,1044.45,298.76,795.27,5688,631.86,4,23,2025,7
2025-07-22T19:00:00.000Z,2025-07-23T01:00:00.000Z,1352.25,378.71,992.92,5688,902.88,4,23,2025,7
2025-07-22T18:00:00.000Z,2025-07-23T00:00:00.000Z,1638.2,531.41,1243.6,5688,975.02,4,23,2025,7
2025-07-22T17:00:00.000Z,2025-07-22T23:00:00.000Z,2450.84,804.2,1621.37,5688,1000.84,3,22,2025,7
2025-07-22T16:00:00.000Z,2025-07-22T22:00:00.000Z,2835.53,1161.38,2064.23,5688,1338.77,3,22,2025,7
2025-07-22T15:00:00.000Z,2025-07-22T21:00:00.000Z,2605.0,1193.88,2013.94,5688,1586.0,3,22,2025,7
2025-07-22T14:00:00.000Z,2025-07-22T20:00:00.000Z,2361.58,1115.66,1888.86,5688,1643.44,3,22,2025,7
2025-07-22T13:00:00.000Z,2025-07-22T19:00:00.000Z,2217.89,390.97,1603.44,5688,1535.08,3,22,2025,7
2025-07-22T12:00:00.000Z,2025-07-22T18:00:00.000Z,2043.92,280.55,1336.92,5688,1301.89,3,22,2025,7
2025-07-22T11:00:00.000Z,2025-07-22T17:00:00.000Z,1964.79,218.44,1163.76,5688,1177.45,3,22,2025,7
2025-07-22T10:00:00.000Z,2025-07-22T16:00:00.000Z,1559.43,167.5,804.11,5688,1152.64,3,22,2025,7
2025-07-22T09:00:00.000Z,2025-07-22T15:00:00.000Z,1083.18,177.14,602.2,5688,1123.23,3,22,2025,7
2025-07-22T08:00:00.000Z,2025-07-22T14:00:00.000Z,752.01,229.44,521.37,5688,1351.49,3,22,2025,7
2025-07-22T07:00:00.000Z,2025-07-22T13:00:00.000Z,753.38,276.17,569.34,5688,1476.83,3,22,2025,7
2025-07-22T06:00:00.000Z,2025-07-22T12:00:00.000Z,909.39,335.6,642.13,5688,1562.42,3,22,2025,7
2025-07-22T05:00:00.000Z,2025-07-22T11:00:00.000Z,933.39,411.44,691.36,5688,1503.12,3,22,2025,7
2025-07-22T04:00:00.000Z,2025-07-22T10:00:00.000Z,883.85,458.5,707.08,5688,1230.29,3,22,2025,7
2025-07-22T03:00:00.000Z,2025-07-22T09:00:00.000Z,885.18,474.95,725.46,5688,1054.96,3,22,2025,7
2025-07-22T02:00:00.000Z,2025-07-22T08:00:00.000Z,846.16,488.69,700.81,5688,937.26,3,22,2025,7
2025-07-22T01:00:00.000Z,2025-07-22T07:00:00.000Z,803.14,666.6,718.25,5688,926.58,3,22,2025,7
2025-07-22T00:00:00.000Z,2025-07-22T06:00:00.000Z,883.56,703.59,772.2,5688,1071.25,3,22,2025,7
2025-07-21T23:00:00.000Z,2025-07-22T05:00:00.000Z,842.21,588.39,721.21,5688,1190.12,3,22,2025,7
2025-07-21T22:00:00.000Z,2025-07-22T04:00:00.000Z,960.33,427.46,640.02,5688,1099.26,3,22,2025,7
2025-07-21T21:00:00.000Z,2025-07-22T03:00:00.000Z,921.03,326.07,569.65,5688,900.65,3,22,2025,7
2025-07-21T20:00:00.000Z,2025-07-22T02:00:00.000Z,777.38,280.18,488.7,5688,834.97,3,22,2025,7
2025-07-21T19:00:00.000Z,2025-07-22T01:00:00.000Z,636.03,244.78,393.0,5688,812.11,3,22,2025,7
2025-07-21T18:00:00.000Z,2025-07-22T00:00:00.000Z,534.51,148.57,296.76,5688,715.82,3,22,2025,7
2025-07-21T17:00:00.000Z,2025-07-21T23:00:00.000Z,368.25,104.48,209.73,5688,638.78,2,21,2025,7
2025-07-21T16:00:00.000Z,2025-07-21T22:00:00.000Z,322.5,54.96,193.38,5688,420.95,2,21,2025,7
2025-07-21T15:00:00.000Z,2025-07-21T21:00:00.000Z,365.58,31.1,191.98,5688,333.54,2,21,2025,7
2025-07-21T14:00:00.000Z,2025-07-21T20:00:00.000Z,329.99,71.12,173.26,5688,336.45,2,21,2025,7
2025-07-21T13:00:00.000Z,2025-07-21T19:00:00.000Z,232.65,83.84,144.81,5688,289.66,2,21,2025,7
2025-07-21T12:00:00.000Z,2025-07-21T18:00:00.000Z,236.29,72.18,154.29,5688,251.16,2,21,2025,7
2025-07-21T11:00:00.000Z,2025-07-21T17:00:00.000Z,250.53,60.37,153.4,5688,227.93,2,21,2025,7
2025-07-21T10:00:00.000Z,2025-07-21T16:00:00.000Z,210.76,74.22,126.38,5688,174.58,2,21,2025,7
2025-07-21T09:00:00.000Z,2025-07-21T15:00:00.000Z,236.06,71.34,153.12,5688,175.51,2,21,2025,7
2025-07-21T08:00:00.000Z,2025-07-21T14:00:00.000Z,413.18,73.55,227.15,5688,270.22,2,21,2025,7
2025-07-21T07:00:00.000Z,2025-07-21T13:00:00.000Z,558.2,146.0,335.92,5688,410.34,2,21,2025,7
2025-07-21T06:00:00.000Z,2025-07-21T12:00:00.000Z,967.76,184.11,392.47,5688,431.65,2,21,2025,7
2025-07-21T05:00:00.000Z,2025-07-21T11:00:00.000Z,1101.24,238.9,488.05,5688,439.86,2,21,2025,7
2025-07-21T04:00:00.000Z,2025-07-21T10:00:00.000Z,1238.72,317.89,644.6,5688,488.68,2,21,2025,7
2025-07-21T03:00:00.000Z,2025-07-21T09:00:00.000Z,1362.93,445.17,691.61,5688,560.03,2,21,2025,7
2025-07-21T02:00:00.000Z,2025-07-21T08:00:00.000Z,1360.62,592.01,766.87,5688,712.96,2,21,2025,7
2025-07-21T01:00:00.000Z,2025-07-21T07:00:00.000Z,1252.1,662.86,919.2,5688,797.66,2,21,2025,7
2025-07-21T00:00:00.000Z,2025-07-21T06:00:00.000Z,1204.43,805.84,1038.6,5688,924.3,2,21,2025,7
2025-07-20T23:00:00.000Z,2025-07-21T05:00:00.000Z,1499.48,792.65,1120.83,5688,906.63,2,21,2025,7
2025-07-20T22:00:00.000Z,2025-07-21T04:00:00.000Z,1479.59,764.86,1071.55,5688,1056.56,2,21,2025,7
2025-07-20T21:00:00.000Z,2025-07-21T03:00:00.000Z,1547.52,697.5,960.83,5688,1031.68,2,21,2025,7
2025-07-20T20:00:00.000Z,2025-07-21T02:00:00.000Z,1567.13,588.58,886.19,5688,795.26,2,21,2025,7
2025-07-20T19:00:00.000Z,2025-07-21T01:00:00.000Z,1604.15,534.87,865.84,5688,669.6,2,21,2025,7
2025-07-20T18:00:00.000Z,2025-07-21T00:00:00.000Z,1159.97,598.88,806.84,5688,532.82,2,21,2025,7
2025-07-20T17:00:00.000Z,2025-07-20T23:00:00.000Z,1044.37,616.55,756.31,5688,561.94,1,20,2025,7
2025-07-20T16:00:00.000Z,2025-07-20T22:00:00.000Z,1005.79,535.83,743.2,5688,561.57,1,20,2025,7
2025-07-20T15:00:00.000Z,2025-07-20T21:00:00.000Z,850.26,485.2,706.29,5688,614.91,1,20,2025,7
2025-07-20T14:00:00.000Z,2025-07-20T20:00:00.000Z,923.71,432.77,662.89,5688,683.91,1,20,2025,7
2025-07-20T13:00:00.000Z,2025-07-20T19:00:00.000Z,933.14,358.5,589.98,5688,863.28,1,20,2025,7
2025-07-20T12:00:00.000Z,2025-07-20T18:00:00.000Z,894.44,270.73,470.17,5688,764.06,1,20,2025,7
2025-07-20T11:00:00.000Z,2025-07-20T17:00:00.000Z,811.49,254.64,436.78,5688,487.84,1,20,2025,7
2025-07-20T10:00:00.000Z,2025-07-20T16:00:00.000Z,816.9,135.68,342.77,5688,333.55,1,20,2025,7
2025-07-20T09:00:00.000Z,2025-07-20T15:00:00.000Z,726.24,153.28,347.51,5688,267.69,1,20,2025,7
2025-07-20T08:00:00.000Z,2025-07-20T14:00:00.000Z,756.65,199.08,387.29,5688,320.68,1,20,2025,7
2025-07-20T07:00:00.000Z,2025-07-20T13:00:00.000Z,778.03,265.39,475.5,5688,434.46,1,20,2025,7
2025-07-20T06:00:00.000Z,2025-07-20T12:00:00.000Z,899.12,323.21,576.79,5688,609.34,1,20,2025,7
2025-07-20T05:00:00.000Z,2025-07-20T11:00:00.000Z,1028.38,332.58,671.01,5688,790.06,1,20,2025,7
2025-07-20T04:00:00.000Z,2025-07-20T10:00:00.000Z,1111.04,307.82,622.23,5688,873.84,1,20,2025,7
2025-07-20T03:00:00.000Z,2025-07-20T09:00:00.000Z,1322.45,297.12,735.07,5688,851.29,1,20,2025,7
2025-07-20T02:00:00.000Z,2025-07-20T08:00:00.000Z,1514.07,349.71,780.65,5688,854.41,1,20,2025,7
2025-07-20T01:00:00.000Z,2025-07-20T07:00:00.000Z,1407.75,398.41,802.68,5688,675.7,1,20,2025,7
2025-07-20T00:00:00.000Z,2025-07-20T06:00:00.000Z,1275.6,426.78,910.94,5688,674.3,1,20,2025,7
2025-07-19T23:00:00.000Z,2025-07-20T05:00:00.000Z,1192.46,462.88,900.97,5688,650.24,1,20,2025,7
2025-07-19T22:00:00.000Z,2025-07-20T04:00:00.000Z,1140.04,674.69,880.6,5688,743.48,1,20,2025,7
2025-07-19T21:00:00.000Z,2025-07-20T03:00:00.000Z,1220.11,639.45,855.23,5688,990.17,1,20,2025,7
2025-07-19T20:00:00.000Z,2025-07-20T02:00:00.000Z,1418.2,651.93,847.04,5688,917.61,1,20,2025,7
2025-07-19T19:00:00.000Z,2025-07-20T01:00:00.000Z,1670.91,678.1,855.69,5688,796.93,1,20,2025,7
2025-07-19T18:00:00.000Z,2025-07-20T00:00:00.000Z,1991.57,684.92,887.2,5688,762.38,1,20,2025,7
2025-07-19T17:00:00.000Z,2025-07-19T23:00:00.000Z,2010.69,441.64,855.68,5688,901.55,7,19,2025,7
2025-07-19T16:00:00.000Z,2025-07-19T22:00:00.000Z,1946.58,520.69,849.23,5688,861.11,7,19,2025,7
2025-07-19T15:00:00.000Z,2025-07-19T21:00:00.000Z,1917.17,636.0,807.72,5688,830.79,7,19,2025,7
2025-07-19T14:00:00.000Z,2025-07-19T20:00:00.000Z,1962.61,571.4,804.99,5688,709.8,7,19,2025,7
2025-07-19T13:00:00.000Z,2025-07-19T19:00:00.000Z,1979.97,581.32,769.6,5688,568.1,7,19,2025,7
2025-07-19T12:00:00.000Z,2025-07-19T18:00:00.000Z,1849.62,568.74,803.99,5688,572.64,7,19,2025,7
2025-07-19T11:00:00.000Z,2025-07-19T17:00:00.000Z,1617.25,520.17,872.44,5688,652.18,7,19,2025,7
2025-07-19T10:00:00.000Z,2025-07-19T16:00:00.000Z,1662.39,533.27,871.89,5688,572.81,7,19,2025,7
2025-07-19T09:00:00.000Z,2025-07-19T15:00:00.000Z,1777.74,561.27,859.49,5688,619.94,7,19,2025,7
2025-07-19T08:00:00.000Z,2025-07-19T14:00:00.000Z,2062.87,713.9,978.9,5688,1065.55,7,19,2025,7
2025-07-19T07:00:00.000Z,2025-07-19T13:00:00.000Z,2355.57,896.81,1322.9,5688,1509.29,7,19,2025,7
2025-07-19T06:00:00.000Z,2025-07-19T12:00:00.000Z,3150.35,809.76,1639.97,5688,1230.72,7,19,2025,7
2025-07-19T05:00:00.000Z,2025-07-19T11:00:00.000Z,3228.79,751.0,1768.08,5688,874.49,7,19,2025,7
2025-07-19T04:00:00.000Z,2025-07-19T10:00:00.000Z,3565.49,1137.24,2007.72,5688,1565.13,7,19,2025,7
2025-07-19T03:00:00.000Z,2025-07-19T09:00:00.000Z,3763.86,1739.06,2388.08,5688,2034.97,7,19,2025,7
2025-07-19T02:00:00.000Z,2025-07-19T08:00:00.000Z,3665.38,2265.76,2843.3,5688,2779.5,7,19,2025,7
2025-07-19T01:00:00.000Z,2025-07-19T07:00:00.000Z,3687.89,2881.63,3209.63,5688,2828.48,7,19,2025,7
2025-07-19T00:00:00.000Z,2025-07-19T06:00:00.000Z,3755.44,2868.21,3351.68,5688,3060.59,7,19,2025,7
2025-07-18T23:00:00.000Z,2025-07-19T05:00:00.000Z,3777.98,2860.87,3262.57,5688,3111.85,7,19,2025,7
2025-07-18T22:00:00.000Z,2025-07-19T04:00:00.000Z,3680.49,2379.0,3030.41,5688,3077.53,7,19,2025,7
2025-07-18T21:00:00.000Z,2025-07-19T03:00:00.000Z,3245.66,1781.87,2576.01,5688,2428.88,7,19,2025,7
2025-07-18T20:00:00.000Z,2025-07-19T02:00:00.000Z,2504.46,1184.7,2030.72,5688,1574.43,7,19,2025,7
2025-07-18T19:00:00.000Z,2025-07-19T01:00:00.000Z,2183.35,879.05,1670.72,5688,1001.21,7,19,2025,7
2025-07-18T18:00:00.000Z,2025-07-19T00:00:00.000Z,2070.64,1026.61,1553.51,5688,857.1,7,19,2025,7
2025-07-18T17:00:00.000Z,2025-07-18T23:00:00.000Z,1831.31,735.86,1344.83,5688,779.71,6,18,2025,7
2025-07-18T16:00:00.000Z,2025-07-18T22:00:00.000Z,2156.78,653.02,1159.42,5688,719.69,6,18,2025,7
2025-07-18T15:00:00.000Z,2025-07-18T21:00:00.000Z,1985.0,687.26,1007.17,5688,685.97,6,18,2025,7
2025-07-18T14:00:00.000Z,2025-07-18T20:00:00.000Z,1902.65,672.66,954.66,5688,647.5,6,18,2025,7
2025-07-18T13:00:00.000Z,2025-07-18T19:00:00.000Z,1847.15,628.05,891.98,5688,602.45,6,18,2025,7
2025-07-18T12:00:00.000Z,2025-07-18T18:00:00.000Z,1638.8,492.66,720.99,5688,533.71,6,18,2025,7
2025-07-18T11:00:00.000Z,2025-07-18T17:00:00.000Z,1235.19,328.51,514.93,5688,394.66,6,18,2025,7
2025-07-18T10:00:00.000Z,2025-07-18T16:00:00.000Z,627.17,143.3,271.82,5688,259.75,6,18,2025,7
2025-07-18T09:00:00.000Z,2025-07-18T15:00:00.000Z,417.46,66.3,137.33,5688,146.82,6,18,2025,7
2025-07-18T08:00:00.000Z,2025-07-18T14:00:00.000Z,307.33,33.41,134.11,5688,136.34,6,18,2025,7
2025-07-18T07:00:00.000Z,2025-07-18T13:00:00.000Z,363.07,35.14,168.7,5688,198.34,6,18,2025,7
2025-07-18T06:00:00.000Z,2025-07-18T12:00:00.000Z,578.13,65.48,167.56,5688,210.63,6,18,2025,7
2025-07-18T05:00:00.000Z,2025-07-18T11:00:00.000Z,562.47,42.39,183.22,5688,225.43,6,18,2025,7
2025-07-18T04:00:00.000Z,2025-07-18T10:00:00.000Z,502.95,57.23,198.37,5688,195.54,6,18,2025,7
2025-07-18T03:00:00.000Z,2025-07-18T09:00:00.000Z,438.14,83.68,238.84,5688,169.99,6,18,2025,7
2025-07-18T02:00:00.000Z,2025-07-18T08:00:00.000Z,478.65,110.08,256.41,5688,194.69,6,18,2025,7
2025-07-18T01:00:00.000Z,2025-07-18T07:00:00.000Z,602.96,187.53,322.66,5688,205.49,6,18,2025,7
2025-07-18T00:00:00.000Z,2025-07-18T06:00:00.000Z,745.01,308.3,433.35,5688,212.79,6,18,2025,7
2025-07-17T23:00:00.000Z,2025-07-18T05:00:00.000Z,848.84,293.71,526.99,5688,254.14,6,18,2025,7
2025-07-17T22:00:00.000Z,2025-07-18T04:00:00.000Z,1018.63,256.88,591.24,5688,341.33,6,18,2025,7
2025-07-17T21:00:00.000Z,2025-07-18T03:00:00.000Z,1092.18,233.28,630.98,5688,334.74,6,18,2025,7
2025-07-17T20:00:00.000Z,2025-07-18T02:00:00.000Z,1116.24,258.3,662.94,5688,397.12,6,18,2025,7
2025-07-17T19:00:00.000Z,2025-07-18T01:00:00.000Z,1001.06,285.49,694.04,5688,481.2,6,18,2025,7
2025-07-17T18:00:00.000Z,2025-07-18T00:00:00.000Z,1048.97,277.69,672.05,5688,531.21,6,18,2025,7
2025-07-17T17:00:00.000Z,2025-07-17T23:00:00.000Z,1010.27,260.13,578.72,5688,480.6,5,17,2025,7
2025-07-17T16:00:00.000Z,2025-07-17T22:00:00.000Z,953.01,258.39,551.53,5688,420.92,5,17,2025,7
2025-07-17T15:00:00.000Z,2025-07-17T21:00:00.000Z,817.11,270.27,542.21,5688,425.59,5,17,2025,7
2025-07-17T14:00:00.000Z,2025-07-17T20:00:00.000Z,809.85,187.83,514.66,5688,621.89,5,17,2025,7
2025-07-17T13:00:00.000Z,2025-07-17T19:00:00.000Z,683.28,273.98,470.56,5688,777.1,5,17,2025,7
2025-07-17T12:00:00.000Z,2025-07-17T18:00:00.000Z,526.7,299.62,405.18,5688,569.8,5,17,2025,7
2025-07-17T11:00:00.000Z,2025-07-17T17:00:00.000Z,502.96,200.78,395.18,5688,497.0,5,17,2025,7
2025-07-17T10:00:00.000Z,2025-07-17T16:00:00.000Z,606.03,189.17,430.35,5688,497.0,5,17,2025,7
2025-07-17T09:00:00.000Z,2025-07-17T15:00:00.000Z,642.51,219.55,488.12,5688,497.0,5,17,2025,7
2025-07-17T08:00:00.000Z,2025-07-17T14:00:00.000Z,969.26,306.11,674.94,5688,540.92,5,17,2025,7
2025-07-17T07:00:00.000Z,2025-07-17T13:00:00.000Z,1411.77,439.35,1006.94,5688,850.76,5,17,2025,7
2025-07-17T06:00:00.000Z,2025-07-17T12:00:00.000Z,1695.97,605.21,1316.04,5688,1371.13,5,17,2025,7
2025-07-17T05:00:00.000Z,2025-07-17T11:00:00.000Z,1887.0,879.17,1486.4,5688,1533.67,5,17,2025,7
2025-07-17T04:00:00.000Z,2025-07-17T10:00:00.000Z,2057.42,1142.79,1586.5,5688,1651.66,5,17,2025,7
2025-07-17T03:00:00.000Z,2025-07-17T09:00:00.000Z,2297.41,1360.8,1841.96,5688,1866.8,5,17,2025,7
2025-07-17T02:00:00.000Z,2025-07-17T08:00:00.000Z,2511.18,1348.61,2076.03,5688,2020.76,5,17,2025,7
2025-07-17T01:00:00.000Z,2025-07-17T07:00:00.000Z,2646.12,1587.67,2327.42,5688,2326.34,5,17,2025,7
2025-07-17T00:00:00.000Z,2025-07-17T06:00:00.000Z,2778.46,1778.98,2455.8,5688,2609.58,5,17,2025,7
2025-07-16T23:00:00.000Z,2025-07-17T05:00:00.000Z,2715.78,1824.29,2454.38,5688,2658.12,5,17,2025,7
2025-07-16T22:00:00.000Z,2025-07-17T04:00:00.000Z,2738.75,1904.25,2356.48,5688,2559.01,5,17,2025,7
2025-07-16T21:00:00.000Z,2025-07-17T03:00:00.000Z,2492.33,1678.01,2063.84,5688,2184.99,5,17,2025,7
2025-07-16T20:00:00.000Z,2025-07-17T02:00:00.000Z,2229.27,1246.23,1796.24,5688,1802.92,5,17,2025,7
2025-07-16T19:00:00.000Z,2025-07-17T01:00:00.000Z,2142.23,1177.15,1719.9,5688,1716.17,5,17,2025,7
2025-07-16T18:00:00.000Z,2025-07-17T00:00:00.000Z,2107.11,1154.36,1717.08,5688,1822.08,5,17,2025,7
2025-07-16T17:00:00.000Z,2025-07-16T23:00:00.000Z,2265.12,1106.72,1755.85,5688,1890.16,4,16,2025,7
2025-07-16T16:00:00.000Z,2025-07-16T22:00:00.000Z,2165.18,1238.85,1732.56,5688,1923.06,4,16,2025,7
2025-07-16T15:00:00.000Z,2025-07-16T21:00:00.000Z,2067.37,1431.55,1732.23,5688,1924.8,4,16,2025,7
2025-07-16T14:00:00.000Z,2025-07-16T20:00:00.000Z,2051.97,1549.73,1796.75,5688,1784.14,4,16,2025,7
2025-07-16T13:00:00.000Z,2025-07-16T19:00:00.000Z,2054.8,1525.22,1729.37,5688,1605.69,4,16,2025,7
2025-07-16T12:00:00.000Z,2025-07-16T18:00:00.000Z,1964.58,1249.56,1541.05,5688,1442.89,4,16,2025,7
2025-07-16T11:00:00.000Z,2025-07-16T17:00:00.000Z,1859.63,950.36,1340.02,5688,1472.81,4,16,2025,7
2025-07-16T10:00:00.000Z,2025-07-16T16:00:00.000Z,1770.98,664.62,1056.5,5688,1158.11,4,16,2025,7
2025-07-16T09:00:00.000Z,2025-07-16T15:00:00.000Z,1471.04,436.38,670.06,5688,760.65,4,16,2025,7
2025-07-16T08:00:00.000Z,2025-07-16T14:00:00.000Z,1491.25,334.76,662.69,5688,770.46,4,16,2025,7
2025-07-16T07:00:00.000Z,2025-07-16T13:00:00.000Z,1745.05,310.08,830.28,5688,1125.77,4,16,2025,7
2025-07-16T06:00:00.000Z,2025-07-16T12:00:00.000Z,1744.61,461.68,859.99,5688,1038.29,4,16,2025,7
2025-07-16T05:00:00.000Z,2025-07-16T11:00:00.000Z,1641.13,497.86,880.2,5688,893.86,4,16,2025,7
2025-07-16T04:00:00.000Z,2025-07-16T10:00:00.000Z,1555.63,477.12,891.39,5688,933.58,4,16,2025,7
2025-07-16T03:00:00.000Z,2025-07-16T09:00:00.000Z,1494.96,477.22,933.92,5688,948.02,4,16,2025,7
2025-07-16T02:00:00.000Z,2025-07-16T08:00:00.000Z,1340.47,527.74,918.06,5688,958.15,4,16,2025,7
2025-07-16T01:00:00.000Z,2025-07-16T07:00:00.000Z,1135.25,551.38,861.85,5688,1023.62,4,16,2025,7
2025-07-16T00:00:00.000Z,2025-07-16T06:00:00.000Z,1042.06,459.83,785.42,5688,996.73,4,16,2025,7
2025-07-15T23:00:00.000Z,2025-07-16T05:00:00.000Z,865.82,326.51,632.74,5688,838.76,4,16,2025,7
2025-07-15T22:00:00.000Z,2025-07-16T04:00:00.000Z,675.47,333.17,540.89,5688,491.26,4,16,2025,7
2025-07-15T21:00:00.000Z,2025-07-16T03:00:00.000Z,537.42,216.45,391.18,5688,221.16,4,16,2025,7
2025-07-15T20:00:00.000Z,2025-07-16T02:00:00.000Z,375.37,146.85,259.51,5688,106.59,4,16,2025,7
2025-07-15T19:00:00.000Z,2025-07-16T01:00:00.000Z,237.87,123.24,178.99,5688,74.23,4,16,2025,7
2025-07-15T18:00:00.000Z,2025-07-16T00:00:00.000Z,304.9,86.12,161.85,5688,74.27,4,16,2025,7
2025-07-15T17:00:00.000Z,2025-07-15T23:00:00.000Z,238.46,37.22,147.25,5688,90.74,3,15,2025,7
2025-07-15T16:00:00.000Z,2025-07-15T22:00:00.000Z,257.35,21.34,174.64,5688,91.42,3,15,2025,7
2025-07-15T15:00:00.000Z,2025-07-15T21:00:00.000Z,331.45,19.66,204.66,5688,114.31,3,15,2025,7
2025-07-15T14:00:00.000Z,2025-07-15T20:00:00.000Z,379.19,98.05,248.87,5688,133.28,3,15,2025,7
2025-07-15T13:00:00.000Z,2025-07-15T19:00:00.000Z,434.43,90.09,272.61,5688,173.28,3,15,2025,7
2025-07-15T12:00:00.000Z,2025-07-15T18:00:00.000Z,353.67,80.48,265.65,5688,183.51,3,15,2025,7
2025-07-15T11:00:00.000Z,2025-07-15T17:00:00.000Z,347.3,11.23,258.08,5688,234.0,3,15,2025,7
2025-07-15T10:00:00.000Z,2025-07-15T16:00:00.000Z,458.69,17.81,265.18,5688,287.09,3,15,2025,7
2025-07-15T09:00:00.000Z,2025-07-15T15:00:00.000Z,460.97,50.83,292.79,5688,397.44,3,15,2025,7
2025-07-15T08:00:00.000Z,2025-07-15T14:00:00.000Z,608.5,109.0,427.9,5688,472.46,3,15,2025,7
2025-07-15T07:00:00.000Z,2025-07-15T13:00:00.000Z,858.2,241.23,658.99,5688,575.67,3,15,2025,7
2025-07-15T06:00:00.000Z,2025-07-15T12:00:00.000Z,1173.5,467.41,928.27,5688,697.2,3,15,2025,7
2025-07-15T05:00:00.000Z,2025-07-15T11:00:00.000Z,1596.13,794.97,1193.45,5688,769.5,3,15,2025,7
2025-07-15T04:00:00.000Z,2025-07-15T10:00:00.000Z,1837.38,664.88,1232.09,5688,892.65,3,15,2025,7
2025-07-15T03:00:00.000Z,2025-07-15T09:00:00.000Z,2197.48,658.88,1390.3,5688,1016.45,3,15,2025,7
2025-07-15T02:00:00.000Z,2025-07-15T08:00:00.000Z,2392.51,695.41,1641.03,5688,1292.72,3,15,2025,7
2025-07-15T01:00:00.000Z,2025-07-15T07:00:00.000Z,2397.63,882.87,1898.22,5688,1434.28,3,15,2025,7
2025-07-15T00:00:00.000Z,2025-07-15T06:00:00.000Z,3118.31,1084.49,2177.51,5688,1556.35,3,15,2025,7
2025-07-14T23:00:00.000Z,2025-07-15T05:00:00.000Z,3316.28,1172.73,2171.78,5688,1554.36,3,15,2025,7
2025-07-14T22:00:00.000Z,2025-07-15T04:00:00.000Z,3596.7,1363.82,2366.75,5688,1533.71,3,15,2025,7
2025-07-14T21:00:00.000Z,2025-07-15T03:00:00.000Z,3754.62,1597.93,2582.19,5688,1455.75,3,15,2025,7
2025-07-14T20:00:00.000Z,2025-07-15T02:00:00.000Z,3721.67,1793.56,2729.33,5688,1727.77,3,15,2025,7
2025-07-14T19:00:00.000Z,2025-07-15T01:00:00.000Z,3782.5,2161.95,2933.06,5688,2068.36,3,15,2025,7
2025-07-14T18:00:00.000Z,2025-07-15T00:00:00.000Z,3803.25,2238.55,3106.05,5688,2068.47,3,15,2025,7
2025-07-14T17:00:00.000Z,2025-07-14T23:00:00.000Z,4022.18,1990.33,3206.96,5688,2152.17,2,14,2025,7
2025-07-14T16:00:00.000Z,2025-07-14T22:00:00.000Z,4062.23,1805.43,3074.03,5688,2060.79,2,14,2025,7
2025-07-14T15:00:00.000Z,2025-07-14T21:00:00.000Z,3469.91,1590.05,2839.17,5688,1742.65,2,14,2025,7
2025-07-14T14:00:00.000Z,2025-07-14T20:00:00.000Z,3107.21,1585.96,2438.79,5688,1472.97,2,14,2025,7
2025-07-14T13:00:00.000Z,2025-07-14T19:00:00.000Z,3032.44,1543.48,1998.35,5688,1347.65,2,14,2025,7
2025-07-14T12:00:00.000Z,2025-07-14T18:00:00.000Z,2656.07,1139.75,1470.86,5688,1392.94,2,14,2025,7
2025-07-14T11:00:00.000Z,2025-07-14T17:00:00.000Z,2121.51,688.54,1157.08,5688,1333.35,2,14,2025,7
2025-07-14T10:00:00.000Z,2025-07-14T16:00:00.000Z,1607.78,543.91,877.39,5688,1177.76,2,14,2025,7
2025-07-14T09:00:00.000Z,2025-07-14T15:00:00.000Z,1486.56,383.56,735.38,5688,1082.87,2,14,2025,7
2025-07-14T08:00:00.000Z,2025-07-14T14:00:00.000Z,1389.92,259.23,686.09,5688,1145.09,2,14,2025,7
2025-07-14T07:00:00.000Z,2025-07-14T13:00:00.000Z,1339.77,278.63,661.16,5688,1371.44,2,14,2025,7
2025-07-14T06:00:00.000Z,2025-07-14T12:00:00.000Z,2217.13,339.22,716.68,5688,1441.74,2,14,2025,7
2025-07-14T05:00:00.000Z,2025-07-14T11:00:00.000Z,2147.18,378.87,799.95,5688,1433.62,2,14,2025,7
2025-07-14T04:00:00.000Z,2025-07-14T10:00:00.000Z,1870.18,510.66,864.57,5688,1267.29,2,14,2025,7
2025-07-14T03:00:00.000Z,2025-07-14T09:00:00.000Z,1641.23,582.58,1041.54,5688,1225.38,2,14,2025,7
2025-07-14T02:00:00.000Z,2025-07-14T08:00:00.000Z,1823.75,645.11,1232.51,5688,987.14,2,14,2025,7
2025-07-14T01:00:00.000Z,2025-07-14T07:00:00.000Z,2270.3,603.34,1376.67,5688,1144.33,2,14,2025,7
2025-07-14T00:00:00.000Z,2025-07-14T06:00:00.000Z,2143.45,1023.75,1488.15,5688,1643.05,2,14,2025,7
2025-07-13T23:00:00.000Z,2025-07-14T05:00:00.000Z,2228.08,1071.97,1533.2,5688,1781.15,2,14,2025,7
2025-07-13T22:00:00.000Z,2025-07-14T04:00:00.000Z,1953.52,1153.38,1336.35,5688,1738.98,2,14,2025,7
2025-07-13T21:00:00.000Z,2025-07-14T03:00:00.000Z,2302.29,1110.31,1346.76,5688,1498.02,2,14,2025,7
2025-07-13T20:00:00.000Z,2025-07-14T02:00:00.000Z,2313.43,852.4,1238.94,5688,1491.8,2,14,2025,7
2025-07-13T19:00:00.000Z,2025-07-14T01:00:00.000Z,1961.23,549.94,1095.25,5688,925.52,2,14,2025,7
2025-07-13T18:00:00.000Z,2025-07-14T00:00:00.000Z,1847.95,458.32,971.62,5688,490.49,2,14,2025,7
2025-07-13T17:00:00.000Z,2025-07-13T23:00:00.000Z,1497.28,459.31,888.96,5688,360.02,1,13,2025,7
2025-07-13T16:00:00.000Z,2025-07-13T22:00:00.000Z,1310.13,630.3,829.69,5688,404.79,1,13,2025,7
2025-07-13T15:00:00.000Z,2025-07-13T21:00:00.000Z,1345.83,527.12,787.32,5688,527.63,1,13,2025,7
2025-07-13T14:00:00.000Z,2025-07-13T20:00:00.000Z,917.27,355.1,628.45,5688,520.77,1,13,2025,7
2025-07-13T13:00:00.000Z,2025-07-13T19:00:00.000Z,953.24,220.4,467.91,5688,593.47,1,13,2025,7
2025-07-13T12:00:00.000Z,2025-07-13T18:00:00.000Z,847.8,216.99,408.24,5688,836.22,1,13,2025,7
2025-07-13T11:00:00.000Z,2025-07-13T17:00:00.000Z,798.64,230.72,395.18,5688,1060.98,1,13,2025,7
2025-07-13T10:00:00.000Z,2025-07-13T16:00:00.000Z,811.51,204.46,384.64,5688,1011.72,1,13,2025,7
2025-07-13T09:00:00.000Z,2025-07-13T15:00:00.000Z,770.46,142.85,345.35,5688,828.48,1,13,2025,7
2025-07-13T08:00:00.000Z,2025-07-13T14:00:00.000Z,861.09,118.65,459.34,5688,833.51,1,13,2025,7
2025-07-13T07:00:00.000Z,2025-07-13T13:00:00.000Z,1434.4,227.44,736.02,5688,872.57,1,13,2025,7
2025-07-13T06:00:00.000Z,2025-07-13T12:00:00.000Z,2011.98,364.17,965.7,5688,1034.09,1,13,2025,7
2025-07-13T05:00:00.000Z,2025-07-13T11:00:00.000Z,2272.97,363.4,1083.84,5688,1122.7,1,13,2025,7
2025-07-13T04:00:00.000Z,2025-07-13T10:00:00.000Z,1377.59,383.92,1015.1,5688,1239.88,1,13,2025,7
2025-07-13T03:00:00.000Z,2025-07-13T09:00:00.000Z,1795.79,422.95,1148.65,5688,1034.34,1,13,2025,7
2025-07-13T02:00:00.000Z,2025-07-13T08:00:00.000Z,2022.63,348.39,1143.2,5688,816.12,1,13,2025,7
2025-07-13T01:00:00.000Z,2025-07-13T07:00:00.000Z,1873.07,269.65,1145.92,5688,548.07,1,13,2025,7
2025-07-13T00:00:00.000Z,2025-07-13T06:00:00.000Z,1789.43,423.72,1150.27,5688,452.72,1,13,2025,7
2025-07-12T23:00:00.000Z,2025-07-13T05:00:00.000Z,1651.43,556.42,1116.38,5688,488.59,1,13,2025,7
2025-07-12T22:00:00.000Z,2025-07-13T04:00:00.000Z,1590.32,568.4,1127.86,5688,534.89,1,13,2025,7
2025-07-12T21:00:00.000Z,2025-07-13T03:00:00.000Z,1495.98,605.54,1068.04,5688,556.6,1,13,2025,7
2025-07-12T20:00:00.000Z,2025-07-13T02:00:00.000Z,1617.5,525.1,1037.53,5688,654.49,1,13,2025,7
2025-07-12T19:00:00.000Z,2025-07-13T01:00:00.000Z,1725.39,594.93,1059.51,5688,814.71,1,13,2025,7
2025-07-12T18:00:00.000Z,2025-07-13T00:00:00.000Z,1810.26,697.18,1121.9,5688,947.19,1,13,2025,7
2025-07-12T17:00:00.000Z,2025-07-12T23:00:00.000Z,1636.65,756.94,1177.85,5688,945.97,7,12,2025,7
2025-07-12T16:00:00.000Z,2025-07-12T22:00:00.000Z,1684.78,669.24,1147.13,5688,939.28,7,12,2025,7
2025-07-12T15:00:00.000Z,2025-07-12T21:00:00.000Z,1753.94,577.14,1063.24,5688,836.75,7,12,2025,7
2025-07-12T14:00:00.000Z,2025-07-12T20:00:00.000Z,1733.15,527.96,960.12,5688,706.58,7,12,2025,7
2025-07-12T13:00:00.000Z,2025-07-12T19:00:00.000Z,1537.87,511.13,855.65,5688,701.41,7,12,2025,7
2025-07-12T12:00:00.000Z,2025-07-12T18:00:00.000Z,1434.79,513.8,803.12,5688,1066.45,7,12,2025,7
2025-07-12T11:00:00.000Z,2025-07-12T17:00:00.000Z,1525.06,477.97,813.21,5688,1271.65,7,12,2025,7
2025-07-12T10:00:00.000Z,2025-07-12T16:00:00.000Z,1772.96,538.11,833.84,5688,1296.4,7,12,2025,7
2025-07-12T09:00:00.000Z,2025-07-12T15:00:00.000Z,1814.78,611.19,984.74,5688,1207.4,7,12,2025,7
2025-07-12T08:00:00.000Z,2025-07-12T14:00:00.000Z,2009.63,696.92,1442.16,5688,1186.77,7,12,2025,7
2025-07-12T07:00:00.000Z,2025-07-12T13:00:00.000Z,2515.88,1072.63,2091.66,5688,1678.2,7,12,2025,7
2025-07-12T06:00:00.000Z,2025-07-12T12:00:00.000Z,2760.06,1777.52,2541.5,5688,2102.02,7,12,2025,7
2025-07-12T05:00:00.000Z,2025-07-12T11:00:00.000Z,2941.75,2296.8,2749.1,5688,2231.18,7,12,2025,7
2025-07-12T04:00:00.000Z,2025-07-12T10:00:00.000Z,3112.23,2370.68,2828.19,5688,2285.93,7,12,2025,7
2025-07-12T03:00:00.000Z,2025-07-12T09:00:00.000Z,3266.12,2570.83,2950.19,5688,2455.91,7,12,2025,7
2025-07-12T02:00:00.000Z,2025-07-12T08:00:00.000Z,3412.74,2724.45,3112.24,5688,2747.31,7,12,2025,7
2025-07-12T01:00:00.000Z,2025-07-12T07:00:00.000Z,3603.88,2831.28,3251.78,5688,2936.03,7,12,2025,7
2025-07-12T00:00:00.000Z,2025-07-12T06:00:00.000Z,3541.93,2651.01,3209.81,5688,2880.82,7,12,2025,7
2025-07-11T23:00:00.000Z,2025-07-12T05:00:00.000Z,3353.23,2130.66,2859.78,5688,2710.76,7,12,2025,7
2025-07-11T22:00:00.000Z,2025-07-12T04:00:00.000Z,2757.15,1556.31,2169.39,5688,2257.41,7,12,2025,7
2025-07-11T21:00:00.000Z,2025-07-12T03:00:00.000Z,2235.85,1232.09,1605.51,5688,1722.89,7,12,2025,7
2025-07-11T20:00:00.000Z,2025-07-12T02:00:00.000Z,1864.3,1002.74,1208.35,5688,1408.11,7,12,2025,7
2025-07-11T19:00:00.000Z,2025-07-12T01:00:00.000Z,1688.53,821.29,1017.01,5688,1320.79,7,12,2025,7
2025-07-11T18:00:00.000Z,2025-07-12T00:00:00.000Z,1605.66,925.29,969.9,5688,1175.79,7,12,2025,7
2025-07-11T17:00:00.000Z,2025-07-11T23:00:00.000Z,1540.96,745.32,885.24,5688,1036.74,6,11,2025,7
2025-07-11T16:00:00.000Z,2025-07-11T22:00:00.000Z,1379.74,495.89,709.4,5688,943.44,6,11,2025,7
2025-07-11T15:00:00.000Z,2025-07-11T21:00:00.000Z,1158.58,376.33,594.53,5688,809.04,6,11,2025,7
2025-07-11T14:00:00.000Z,2025-07-11T20:00:00.000Z,893.68,314.57,460.82,5688,624.71,6,11,2025,7
2025-07-11T13:00:00.000Z,2025-07-11T19:00:00.000Z,632.17,282.01,368.17,5688,428.38,6,11,2025,7
2025-07-11T12:00:00.000Z,2025-07-11T18:00:00.000Z,448.25,212.23,285.7,5688,322.77,6,11,2025,7
2025-07-11T11:00:00.000Z,2025-07-11T17:00:00.000Z,338.07,190.69,246.07,5688,250.78,6,11,2025,7
2025-07-11T10:00:00.000Z,2025-07-11T16:00:00.000Z,269.09,149.49,202.63,5688,206.87,6,11,2025,7
2025-07-11T09:00:00.000Z,2025-07-11T15:00:00.000Z,375.8,136.3,209.86,5688,192.53,6,11,2025,7
2025-07-11T08:00:00.000Z,2025-07-11T14:00:00.000Z,645.1,166.28,416.11,5688,306.52,6,11,2025,7
2025-07-11T07:00:00.000Z,2025-07-11T13:00:00.000Z,1096.75,454.4,816.7,5688,683.81,6,11,2025,7
2025-07-11T06:00:00.000Z,2025-07-11T12:00:00.000Z,1496.54,971.72,1203.71,5688,1058.2,6,11,2025,7
2025-07-11T05:00:00.000Z,2025-07-11T11:00:00.000Z,1731.65,1382.08,1521.82,5688,1345.78,6,11,2025,7
2025-07-11T04:00:00.000Z,2025-07-11T10:00:00.000Z,2080.57,1675.61,1809.52,5688,1511.19,6,11,2025,7
2025-07-11T03:00:00.000Z,2025-07-11T09:00:00.000Z,2281.68,1842.0,1998.98,5688,1573.6,6,11,2025,7
2025-07-11T02:00:00.000Z,2025-07-11T08:00:00.000Z,2363.95,1617.79,2009.8,5688,1783.64,6,11,2025,7
2025-07-11T01:00:00.000Z,2025-07-11T07:00:00.000Z,2388.14,1283.47,1981.21,5688,1884.68,6,11,2025,7
2025-07-11T00:00:00.000Z,2025-07-11T06:00:00.000Z,2435.74,1067.48,1918.21,5688,1924.81,6,11,2025,7
2025-07-10T23:00:00.000Z,2025-07-11T05:00:00.000Z,2261.61,959.35,1712.69,5688,2020.85,6,11,2025,7
2025-07-10T22:00:00.000Z,2025-07-11T04:00:00.000Z,1921.28,915.74,1369.61,5688,1629.71,6,11,2025,7
2025-07-10T21:00:00.000Z,2025-07-11T03:00:00.000Z,1735.46,701.38,1167.29,5688,1255.27,6,11,2025,7
2025-07-10T20:00:00.000Z,2025-07-11T02:00:00.000Z,1660.65,839.18,1177.06,5688,1090.96,6,11,2025,7
2025-07-10T19:00:00.000Z,2025-07-11T01:00:00.000Z,1780.6,920.29,1247.44,5688,1137.98,6,11,2025,7
2025-07-10T18:00:00.000Z,2025-07-11T00:00:00.000Z,2429.1,1171.53,1443.32,5688,1193.06,6,11,2025,7
2025-07-10T17:00:00.000Z,2025-07-10T23:00:00.000Z,2587.22,1120.87,1560.94,5688,1518.69,5,10,2025,7
2025-07-10T16:00:00.000Z,2025-07-10T22:00:00.000Z,2724.0,1301.79,1929.68,5688,2286.62,5,10,2025,7
2025-07-10T15:00:00.000Z,2025-07-10T21:00:00.000Z,2915.33,1750.54,2250.06,5688,2807.03,5,10,2025,7
2025-07-10T14:00:00.000Z,2025-07-10T20:00:00.000Z,2843.52,1939.84,2432.57,5688,2916.35,5,10,2025,7
2025-07-10T13:00:00.000Z,2025-07-10T19:00:00.000Z,2784.23,1872.2,2352.69,5688,2692.18,5,10,2025,7
2025-07-10T12:00:00.000Z,2025-07-10T18:00:00.000Z,2665.05,1529.31,2183.5,5688,1990.43,5,10,2025,7
2025-07-10T11:00:00.000Z,2025-07-10T17:00:00.000Z,2160.89,1525.29,1822.06,5688,1566.11,5,10,2025,7
2025-07-10T10:00:00.000Z,2025-07-10T16:00:00.000Z,1882.41,693.91,1389.99,5688,1464.47,5,10,2025,7
2025-07-10T09:00:00.000Z,2025-07-10T15:00:00.000Z,1743.66,130.07,1106.76,5688,1433.99,5,10,2025,7
2025-07-10T08:00:00.000Z,2025-07-10T14:00:00.000Z,1554.89,65.63,874.05,5688,1281.97,5,10,2025,7
2025-07-10T07:00:00.000Z,2025-07-10T13:00:00.000Z,1331.75,322.25,766.95,5688,1088.2,5,10,2025,7
2025-07-10T06:00:00.000Z,2025-07-10T12:00:00.000Z,1714.8,539.87,1012.93,5688,1050.43,5,10,2025,7
2025-07-10T05:00:00.000Z,2025-07-10T11:00:00.000Z,1593.39,499.91,951.69,5688,948.86,5,10,2025,7
2025-07-10T04:00:00.000Z,2025-07-10T10:00:00.000Z,1522.39,418.49,874.3,5688,856.62,5,10,2025,7
2025-07-10T03:00:00.000Z,2025-07-10T09:00:00.000Z,1544.94,363.11,786.73,5688,894.03,5,10,2025,7
2025-07-10T02:00:00.000Z,2025-07-10T08:00:00.000Z,1567.64,430.44,812.65,5688,1006.6,5,10,2025,7
2025-07-10T01:00:00.000Z,2025-07-10T07:00:00.000Z,1744.75,604.39,984.48,5688,945.94,5,10,2025,7
2025-07-10T00:00:00.000Z,2025-07-10T06:00:00.000Z,2199.88,689.32,1252.65,5688,1057.86,5,10,2025,7
2025-07-09T23:00:00.000Z,2025-07-10T05:00:00.000Z,3373.6,860.41,1694.41,5688,1524.29,5,10,2025,7
2025-07-09T22:00:00.000Z,2025-07-10T04:00:00.000Z,4107.09,1411.57,2272.56,5688,1874.46,5,10,2025,7
2025-07-09T21:00:00.000Z,2025-07-10T03:00:00.000Z,4244.49,2097.99,2794.95,5688,2168.6,5,10,2025,7
2025-07-09T20:00:00.000Z,2025-07-10T02:00:00.000Z,4031.58,2695.87,3156.58,5688,2534.41,5,10,2025,7
2025-07-09T19:00:00.000Z,2025-07-10T01:00:00.000Z,3875.85,3067.41,3423.97,5688,2573.66,5,10,2025,7
2025-07-09T18:00:00.000Z,2025-07-10T00:00:00.000Z,4020.67,3118.88,3446.2,5688,2167.65,5,10,2025,7
2025-07-09T17:00:00.000Z,2025-07-09T23:00:00.000Z,3804.77,2590.55,3011.12,5688,2016.57,4,9,2025,7
2025-07-09T16:00:00.000Z,2025-07-09T22:00:00.000Z,3606.64,2456.4,2919.05,5688,1998.6,4,9,2025,7
2025-07-09T15:00:00.000Z,2025-07-09T21:00:00.000Z,3263.83,2222.68,2615.86,5688,2042.45,4,9,2025,7
2025-07-09T14:00:00.000Z,2025-07-09T20:00:00.000Z,2985.18,2062.07,2380.1,5688,1926.36,4,9,2025,7
2025-07-09T13:00:00.000Z,2025-07-09T19:00:00.000Z,2774.66,1615.13,2161.21,5688,1870.08,4,9,2025,7
2025-07-09T12:00:00.000Z,2025-07-09T18:00:00.000Z,2763.68,1227.24,2036.69,5688,1867.39,4,9,2025,7
2025-07-09T11:00:00.000Z,2025-07-09T17:00:00.000Z,2725.88,868.68,1783.01,5688,1650.15,4,9,2025,7
2025-07-09T10:00:00.000Z,2025-07-09T16:00:00.000Z,2438.43,723.21,1443.91,5688,1421.44,4,9,2025,7
2025-07-09T09:00:00.000Z,2025-07-09T15:00:00.000Z,2448.27,925.99,1402.6,5688,1491.27,4,9,2025,7
2025-07-09T08:00:00.000Z,2025-07-09T14:00:00.000Z,2654.2,1470.73,1853.78,5688,1783.55,4,9,2025,7
2025-07-09T07:00:00.000Z,2025-07-09T13:00:00.000Z,3257.25,2230.09,2632.48,5688,2208.39,4,9,2025,7
2025-07-09T06:00:00.000Z,2025-07-09T12:00:00.000Z,3909.46,3060.47,3428.94,5688,2625.02,4,9,2025,7
2025-07-09T05:00:00.000Z,2025-07-09T11:00:00.000Z,4161.71,3369.34,3764.56,5688,2806.24,4,9,2025,7
2025-07-09T04:00:00.000Z,2025-07-09T10:00:00.000Z,4326.65,3459.81,3913.77,5688,2973.72,4,9,2025,7
2025-07-09T03:00:00.000Z,2025-07-09T09:00:00.000Z,4316.1,3768.88,4063.46,5688,3057.65,4,9,2025,7
2025-07-09T02:00:00.000Z,2025-07-09T08:00:00.000Z,4309.33,3652.29,4123.58,5688,3115.86,4,9,2025,7
2025-07-09T01:00:00.000Z,2025-07-09T07:00:00.000Z,4395.03,3482.73,4145.47,5688,3190.21,4,9,2025,7
2025-07-09T00:00:00.000Z,2025-07-09T06:00:00.000Z,4411.73,3314.14,4111.94,5688,3269.22,4,9,2025,7
2025-07-08T23:00:00.000Z,2025-07-09T05:00:00.000Z,4370.18,3039.18,3966.25,5688,3316.65,4,9,2025,7
2025-07-08T22:00:00.000Z,2025-07-09T04:00:00.000Z,4320.64,2889.79,3770.07,5688,3295.36,4,9,2025,7
2025-07-08T21:00:00.000Z,2025-07-09T03:00:00.000Z,4045.4,2666.92,3389.73,5688,3117.9,4,9,2025,7
2025-07-08T20:00:00.000Z,2025-07-09T02:00:00.000Z,3685.73,2264.81,3001.99,5688,2783.48,4,9,2025,7
2025-07-08T19:00:00.000Z,2025-07-09T01:00:00.000Z,3313.88,2096.82,2731.91,5688,2392.88,4,9,2025,7
2025-07-08T18:00:00.000Z,2025-07-09T00:00:00.000Z,3078.8,2294.58,2625.02,5688,2401.05,4,9,2025,7
2025-07-08T17:00:00.000Z,2025-07-08T23:00:00.000Z,2954.13,2193.85,2358.18,5688,2312.47,3,8,2025,7
2025-07-08T16:00:00.000Z,2025-07-08T22:00:00.000Z,2983.01,2184.8,2253.87,5688,2094.93,3,8,2025,7
2025-07-08T15:00:00.000Z,2025-07-08T21:00:00.000Z,2870.53,1886.76,2093.4,5688,1900.42,3,8,2025,7
2025-07-08T14:00:00.000Z,2025-07-08T20:00:00.000Z,2667.16,1618.34,1948.03,5688,1651.3,3,8,2025,7
2025-07-08T13:00:00.000Z,2025-07-08T19:00:00.000Z,2520.7,1476.19,1851.07,5688,1546.34,3,8,2025,7
2025-07-08T12:00:00.000Z,2025-07-08T18:00:00.000Z,2525.42,1294.94,1779.56,5688,1430.87,3,8,2025,7
2025-07-08T11:00:00.000Z,2025-07-08T17:00:00.000Z,2470.53,1043.4,1635.33,5688,1252.05,3,8,2025,7
2025-07-08T10:00:00.000Z,2025-07-08T16:00:00.000Z,2468.11,1022.01,1451.8,5688,1137.72,3,8,2025,7
2025-07-08T09:00:00.000Z,2025-07-08T15:00:00.000Z,2517.28,1219.11,1537.26,5688,993.01,3,8,2025,7
2025-07-08T08:00:00.000Z,2025-07-08T14:00:00.000Z,2962.26,1401.2,2038.9,5688,1262.11,3,8,2025,7
2025-07-08T07:00:00.000Z,2025-07-08T13:00:00.000Z,3292.79,1834.66,2555.17,5688,1907.76,3,8,2025,7
2025-07-08T06:00:00.000Z,2025-07-08T12:00:00.000Z,3480.62,2382.57,2978.25,5688,2316.87,3,8,2025,7
2025-07-08T05:00:00.000Z,2025-07-08T11:00:00.000Z,3570.62,2652.29,3124.73,5688,2353.19,3,8,2025,7
2025-07-08T04:00:00.000Z,2025-07-08T10:00:00.000Z,3613.63,2834.88,3214.71,5688,2443.09,3,8,2025,7
2025-07-08T03:00:00.000Z,2025-07-08T09:00:00.000Z,3720.38,2934.76,3259.5,5688,2643.01,3,8,2025,7
2025-07-08T02:00:00.000Z,2025-07-08T08:00:00.000Z,3729.76,2956.93,3297.8,5688,2755.52,3,8,2025,7
2025-07-08T01:00:00.000Z,2025-07-08T07:00:00.000Z,3582.06,2814.3,3278.07,5688,2838.4,3,8,2025,7
2025-07-08T00:00:00.000Z,2025-07-08T06:00:00.000Z,3393.59,2458.88,3042.18,5688,2969.1,3,8,2025,7
2025-07-07T23:00:00.000Z,2025-07-08T05:00:00.000Z,3229.95,2025.68,2600.75,5688,2882.45,3,8,2025,7
2025-07-07T22:00:00.000Z,2025-07-08T04:00:00.000Z,3038.0,1505.75,1983.93,5688,2055.21,3,8,2025,7
2025-07-07T21:00:00.000Z,2025-07-08T03:00:00.000Z,2375.13,917.9,1318.5,5688,1288.9,3,8,2025,7
2025-07-07T20:00:00.000Z,2025-07-08T02:00:00.000Z,1495.12,510.72,806.77,5688,834.99,3,8,2025,7
2025-07-07T19:00:00.000Z,2025-07-08T01:00:00.000Z,1046.57,323.98,546.7,5688,624.83,3,8,2025,7
2025-07-07T18:00:00.000Z,2025-07-08T00:00:00.000Z,988.55,264.14,442.97,5688,614.35,3,8,2025,7
2025-07-07T17:00:00.000Z,2025-07-07T23:00:00.000Z,982.46,220.99,372.91,5688,528.21,2,7,2025,7
2025-07-07T16:00:00.000Z,2025-07-07T22:00:00.000Z,845.44,185.15,327.24,5688,463.33,2,7,2025,7
2025-07-07T15:00:00.000Z,2025-07-07T21:00:00.000Z,638.53,175.87,290.02,5688,330.76,2,7,2025,7
2025-07-07T14:00:00.000Z,2025-07-07T20:00:00.000Z,446.79,187.25,280.87,5688,253.12,2,7,2025,7
2025-07-07T13:00:00.000Z,2025-07-07T19:00:00.000Z,361.4,208.98,259.46,5688,275.48,2,7,2025,7
2025-07-07T12:00:00.000Z,2025-07-07T18:00:00.000Z,343.44,161.04,230.04,5688,235.96,2,7,2025,7
2025-07-07T11:00:00.000Z,2025-07-07T17:00:00.000Z,274.76,124.89,171.09,5688,155.85,2,7,2025,7
2025-07-07T10:00:00.000Z,2025-07-07T16:00:00.000Z,193.0,75.81,112.39,5688,106.84,2,7,2025,7
2025-07-07T09:00:00.000Z,2025-07-07T15:00:00.000Z,120.39,37.63,65.35,5688,65.63,2,7,2025,7
2025-07-07T08:00:00.000Z,2025-07-07T14:00:00.000Z,149.02,53.09,81.65,5688,51.18,2,7,2025,7
2025-07-07T07:00:00.000Z,2025-07-07T13:00:00.000Z,214.44,108.88,151.11,5688,95.68,2,7,2025,7
2025-07-07T06:00:00.000Z,2025-07-07T12:00:00.000Z,358.97,152.79,236.04,5688,127.79,2,7,2025,7
2025-07-07T05:00:00.000Z,2025-07-07T11:00:00.000Z,531.36,144.75,351.53,5688,161.83,2,7,2025,7
2025-07-07T04:00:00.000Z,2025-07-07T10:00:00.000Z,694.91,298.48,445.42,5688,182.03,2,7,2025,7
2025-07-07T03:00:00.000Z,2025-07-07T09:00:00.000Z,790.9,320.34,466.76,5688,195.56,2,7,2025,7
2025-07-07T02:00:00.000Z,2025-07-07T08:00:00.000Z,792.8,318.99,460.53,5688,219.36,2,7,2025,7
2025-07-07T01:00:00.000Z,2025-07-07T07:00:00.000Z,725.06,330.63,444.35,5688,159.41,2,7,2025,7
2025-07-07T00:00:00.000Z,2025-07-07T06:00:00.000Z,641.62,315.7,453.66,5688,173.46,2,7,2025,7
2025-07-06T23:00:00.000Z,2025-07-07T05:00:00.000Z,634.49,275.94,428.4,5688,221.77,2,7,2025,7
2025-07-06T22:00:00.000Z,2025-07-07T04:00:00.000Z,877.24,196.16,396.03,5688,375.92,2,7,2025,7
2025-07-06T21:00:00.000Z,2025-07-07T03:00:00.000Z,962.25,228.2,438.24,5688,575.74,2,7,2025,7
2025-07-06T20:00:00.000Z,2025-07-07T02:00:00.000Z,939.2,249.09,506.1,5688,856.51,2,7,2025,7
2025-07-06T19:00:00.000Z,2025-07-07T01:00:00.000Z,923.22,233.78,536.61,5688,1107.53,2,7,2025,7
2025-07-06T18:00:00.000Z,2025-07-07T00:00:00.000Z,946.78,211.64,570.93,5688,1245.17,2,7,2025,7
2025-07-06T17:00:00.000Z,2025-07-06T23:00:00.000Z,1109.73,137.88,558.98,5688,1246.29,1,6,2025,7
2025-07-06T16:00:00.000Z,2025-07-06T22:00:00.000Z,1806.77,79.71,715.84,5688,1207.85,1,6,2025,7
2025-07-06T15:00:00.000Z,2025-07-06T21:00:00.000Z,1525.9,56.32,628.0,5688,1139.71,1,6,2025,7
2025-07-06T14:00:00.000Z,2025-07-06T20:00:00.000Z,1131.74,233.42,627.51,5688,1071.7,1,6,2025,7
2025-07-06T13:00:00.000Z,2025-07-06T19:00:00.000Z,995.6,246.08,607.73,5688,1082.89,1,6,2025,7
2025-07-06T12:00:00.000Z,2025-07-06T18:00:00.000Z,950.4,151.0,638.01,5688,1039.81,1,6,2025,7
2025-07-06T11:00:00.000Z,2025-07-06T17:00:00.000Z,921.44,221.32,630.62,5688,609.77,1,6,2025,7
2025-07-06T10:00:00.000Z,2025-07-06T16:00:00.000Z,1012.9,150.8,676.8,5688,340.63,1,6,2025,7
2025-07-06T09:00:00.000Z,2025-07-06T15:00:00.000Z,1028.53,96.2,615.88,5688,295.83,1,6,2025,7
2025-07-06T08:00:00.000Z,2025-07-06T14:00:00.000Z,1272.73,89.87,769.18,5688,488.47,1,6,2025,7
2025-07-06T07:00:00.000Z,2025-07-06T13:00:00.000Z,1611.98,225.58,1080.25,5688,988.57,1,6,2025,7
2025-07-06T06:00:00.000Z,2025-07-06T12:00:00.000Z,1686.83,314.68,1242.98,5688,1006.2,1,6,2025,7
2025-07-06T05:00:00.000Z,2025-07-06T11:00:00.000Z,1655.55,534.15,1325.36,5688,1012.98,1,6,2025,7
2025-07-06T04:00:00.000Z,2025-07-06T10:00:00.000Z,1435.42,658.67,1243.61,5688,1057.55,1,6,2025,7
2025-07-06T03:00:00.000Z,2025-07-06T09:00:00.000Z,1472.2,736.99,1258.17,5688,1272.21,1,6,2025,7
2025-07-06T02:00:00.000Z,2025-07-06T08:00:00.000Z,1478.46,791.35,1247.68,5688,1511.26,1,6,2025,7
2025-07-06T01:00:00.000Z,2025-07-06T07:00:00.000Z,1526.17,867.14,1192.62,5688,1517.59,1,6,2025,7
2025-07-06T00:00:00.000Z,2025-07-06T06:00:00.000Z,1407.47,800.8,1151.07,5688,1403.34,1,6,2025,7
2025-07-05T23:00:00.000Z,2025-07-06T05:00:00.000Z,1272.73,728.7,1010.24,5688,1225.32,1,6,2025,7
2025-07-05T22:00:00.000Z,2025-07-06T04:00:00.000Z,1204.46,541.28,886.19,5688,1131.66,1,6,2025,7
2025-07-05T21:00:00.000Z,2025-07-06T03:00:00.000Z,1175.6,423.28,683.02,5688,885.99,1,6,2025,7
2025-07-05T20:00:00.000Z,2025-07-06T02:00:00.000Z,1209.15,347.74,511.02,5688,797.02,1,6,2025,7
2025-07-05T19:00:00.000Z,2025-07-06T01:00:00.000Z,1186.94,354.44,454.28,5688,788.62,1,6,2025,7
2025-07-05T18:00:00.000Z,2025-07-06T00:00:00.000Z,830.07,369.82,445.38,5688,841.42,1,6,2025,7
2025-07-05T17:00:00.000Z,2025-07-05T23:00:00.000Z,739.16,312.04,475.76,5688,857.53,7,5,2025,7
2025-07-05T16:00:00.000Z,2025-07-05T22:00:00.000Z,854.49,345.82,449.02,5688,823.81,7,5,2025,7
2025-07-05T15:00:00.000Z,2025-07-05T21:00:00.000Z,930.68,340.02,509.04,5688,825.05,7,5,2025,7
2025-07-05T14:00:00.000Z,2025-07-05T20:00:00.000Z,955.58,351.91,524.69,5688,851.74,7,5,2025,7
2025-07-05T13:00:00.000Z,2025-07-05T19:00:00.000Z,846.4,360.42,507.02,5688,849.1,7,5,2025,7
2025-07-05T12:00:00.000Z,2025-07-05T18:00:00.000Z,730.03,240.02,467.09,5688,792.29,7,5,2025,7
2025-07-05T11:00:00.000Z,2025-07-05T17:00:00.000Z,,,,5688,752.83,7,5,2025,7
2025-07-05T10:00:00.000Z,2025-07-05T16:00:00.000Z,685.53,181.34,415.03,5688,902.67,7,5,2025,7
2025-07-05T09:00:00.000Z,2025-07-05T15:00:00.000Z,504.15,171.21,321.17,5688,880.42,7,5,2025,7
2025-07-05T08:00:00.000Z,2025-07-05T14:00:00.000Z,549.77,111.25,306.16,5688,771.96,7,5,2025,7
2025-07-05T07:00:00.000Z,2025-07-05T13:00:00.000Z,825.66,141.28,383.93,5688,633.03,7,5,2025,7
2025-07-05T06:00:00.000Z,2025-07-05T12:00:00.000Z,1107.37,210.65,500.94,5688,554.12,7,5,2025,7
2025-07-05T05:00:00.000Z,2025-07-05T11:00:00.000Z,1309.08,279.83,585.47,5688,650.15,7,5,2025,7
2025-07-05T04:00:00.000Z,2025-07-05T10:00:00.000Z,1305.33,99.47,614.98,5688,893.12,7,5,2025,7
2025-07-05T03:00:00.000Z,2025-07-05T09:00:00.000Z,1272.84,120.24,722.87,5688,1201.98,7,5,2025,7
2025-07-05T02:00:00.000Z,2025-07-05T08:00:00.000Z,1304.97,234.14,815.54,5688,1308.25,7,5,2025,7
2025-07-05T01:00:00.000Z,2025-07-05T07:00:00.000Z,1388.28,412.71,963.27,5688,1613.99,7,5,2025,7
2025-07-05T00:00:00.000Z,2025-07-05T06:00:00.000Z,1490.37,484.49,1028.07,5688,1645.96,7,5,2025,7
2025-07-04T23:00:00.000Z,2025-07-05T05:00:00.000Z,1516.8,695.69,1086.77,5688,1553.72,7,5,2025,7
2025-07-04T22:00:00.000Z,2025-07-05T04:00:00.000Z,1842.81,825.9,1295.29,5688,1567.85,7,5,2025,7
2025-07-04T21:00:00.000Z,2025-07-05T03:00:00.000Z,1825.4,859.15,1245.33,5688,1522.33,7,5,2025,7
2025-07-04T20:00:00.000Z,2025-07-05T02:00:00.000Z,1672.38,833.36,1171.24,5688,1148.33,7,5,2025,7
2025-07-04T19:00:00.000Z,2025-07-05T01:00:00.000Z,1544.62,1012.12,1191.1,5688,732.12,7,5,2025,7
2025-07-04T18:00:00.000Z,2025-07-05T00:00:00.000Z,1277.89,950.16,1129.71,5688,655.66,7,5,2025,7
2025-07-04T17:00:00.000Z,2025-07-04T23:00:00.000Z,1299.4,682.43,1007.17,5688,652.34,6,4,2025,7
2025-07-04T16:00:00.000Z,2025-07-04T22:00:00.000Z,1164.41,579.02,888.71,5688,682.78,6,4,2025,7
2025-07-04T15:00:00.000Z,2025-07-04T21:00:00.000Z,1072.23,495.82,821.64,5688,724.39,6,4,2025,7
2025-07-04T14:00:00.000Z,2025-07-04T20:00:00.000Z,1127.67,473.98,809.1,5688,838.67,6,4,2025,7
2025-07-04T13:00:00.000Z,2025-07-04T19:00:00.000Z,1160.63,542.29,838.11,5688,879.75,6,4,2025,7
2025-07-04T12:00:00.000Z,2025-07-04T18:00:00.000Z,1228.36,598.71,892.06,5688,928.62,6,4,2025,7
2025-07-04T11:00:00.000Z,2025-07-04T17:00:00.000Z,1395.33,586.41,899.71,5688,890.02,6,4,2025,7
2025-07-04T10:00:00.000Z,2025-07-04T16:00:00.000Z,1400.79,548.85,855.35,5688,782.54,6,4,2025,7
2025-07-04T09:00:00.000Z,2025-07-04T15:00:00.000Z,1279.92,496.69,711.47,5688,765.39,6,4,2025,7
2025-07-04T08:00:00.000Z,2025-07-04T14:00:00.000Z,1218.66,351.9,601.35,5688,669.64,6,4,2025,7
2025-07-04T07:00:00.000Z,2025-07-04T13:00:00.000Z,1229.01,341.21,659.35,5688,636.94,6,4,2025,7
2025-07-04T06:00:00.000Z,2025-07-04T12:00:00.000Z,1071.94,403.81,763.9,5688,789.36,6,4,2025,7
2025-07-04T05:00:00.000Z,2025-07-04T11:00:00.000Z,1282.89,510.75,853.79,5688,827.55,6,4,2025,7
2025-07-04T04:00:00.000Z,2025-07-04T10:00:00.000Z,1498.05,536.48,1041.75,5688,915.14,6,4,2025,7
2025-07-04T03:00:00.000Z,2025-07-04T09:00:00.000Z,1844.77,536.87,1285.28,5688,1189.49,6,4,2025,7
2025-07-04T02:00:00.000Z,2025-07-04T08:00:00.000Z,2200.58,803.91,1578.54,5688,1733.19,6,4,2025,7
2025-07-04T01:00:00.000Z,2025-07-04T07:00:00.000Z,2506.56,965.59,1864.78,5688,2129.21,6,4,2025,7
2025-07-04T00:00:00.000Z,2025-07-04T06:00:00.000Z,2818.66,1122.28,2071.58,5688,2440.86,6,4,2025,7
2025-07-03T23:00:00.000Z,2025-07-04T05:00:00.000Z,3050.7,1504.16,2370.87,5688,2674.28,6,4,2025,7
2025-07-03T22:00:00.000Z,2025-07-04T04:00:00.000Z,3417.57,2148.17,2747.69,5688,2754.01,6,4,2025,7
2025-07-03T21:00:00.000Z,2025-07-04T03:00:00.000Z,3599.16,2553.68,2873.58,5688,2998.85,6,4,2025,7
2025-07-03T20:00:00.000Z,2025-07-04T02:00:00.000Z,3794.07,2479.89,2884.55,5688,2886.62,6,4,2025,7
2025-07-03T19:00:00.000Z,2025-07-04T01:00:00.000Z,4054.26,2475.48,2930.25,5688,2916.51,6,4,2025,7
2025-07-03T18:00:00.000Z,2025-07-04T00:00:00.000Z,3893.75,2375.61,2956.81,5688,2843.06,6,4,2025,7
2025-07-03T17:00:00.000Z,2025-07-03T23:00:00.000Z,4038.96,2119.84,2901.63,5688,2574.7,5,3,2025,7
2025-07-03T16:00:00.000Z,2025-07-03T22:00:00.000Z,3686.41,1711.21,2761.12,5688,2429.19,5,3,2025,7
2025-07-03T15:00:00.000Z,2025-07-03T21:00:00.000Z,3531.23,1510.24,2702.21,5688,1988.59,5,3,2025,7
2025-07-03T14:00:00.000Z,2025-07-03T20:00:00.000Z,3811.63,1231.6,2617.95,5688,1606.37,5,3,2025,7
2025-07-03T13:00:00.000Z,2025-07-03T19:00:00.000Z,3607.5,1006.47,2454.35,5688,1281.48,5,3,2025,7
2025-07-03T12:00:00.000Z,2025-07-03T18:00:00.000Z,3391.34,798.62,2314.82,5688,1096.47,5,3,2025,7
2025-07-03T11:00:00.000Z,2025-07-03T17:00:00.000Z,3435.32,498.78,2179.45,5688,1384.0,5,3,2025,7
2025-07-03T10:00:00.000Z,2025-07-03T16:00:00.000Z,2995.62,380.3,1861.23,5688,1384.0,5,3,2025,7
2025-07-03T09:00:00.000Z,2025-07-03T15:00:00.000Z,2642.06,473.34,1678.0,5688,1384.0,5,3,2025,7
2025-07-03T08:00:00.000Z,2025-07-03T14:00:00.000Z,2544.7,978.88,1852.24,5688,1384.0,5,3,2025,7
2025-07-03T07:00:00.000Z,2025-07-03T13:00:00.000Z,2828.78,1793.01,2308.58,5688,1961.54,5,3,2025,7
2025-07-03T06:00:00.000Z,2025-07-03T12:00:00.000Z,3231.41,2234.47,2795.57,5688,2649.28,5,3,2025,7
2025-07-03T05:00:00.000Z,2025-07-03T11:00:00.000Z,3633.78,2434.48,3043.35,5688,2913.14,5,3,2025,7
2025-07-03T04:00:00.000Z,2025-07-03T10:00:00.000Z,3512.19,2718.2,3217.99,5688,2711.57,5,3,2025,7
2025-07-03T03:00:00.000Z,2025-07-03T09:00:00.000Z,3734.34,2892.46,3311.27,5688,2194.22,5,3,2025,7
2025-07-03T02:00:00.000Z,2025-07-03T08:00:00.000Z,3956.93,2949.9,3353.96,5688,1857.59,5,3,2025,7
2025-07-03T01:00:00.000Z,2025-07-03T07:00:00.000Z,3917.4,2533.05,3319.39,5688,1960.18,5,3,2025,7
2025-07-03T00:00:00.000Z,2025-07-03T06:00:00.000Z,3726.83,2109.18,3196.87,5688,1825.82,5,3,2025,7
2025-07-02T23:00:00.000Z,2025-07-03T05:00:00.000Z,3859.68,2012.88,3021.73,5688,1788.08,5,3,2025,7
2025-07-02T22:00:00.000Z,2025-07-03T04:00:00.000Z,3900.92,2460.76,3168.61,5688,1779.82,5,3,2025,7
2025-07-02T21:00:00.000Z,2025-07-03T03:00:00.000Z,3213.1,1820.8,2779.06,5688,1644.56,5,3,2025,7
2025-07-02T20:00:00.000Z,2025-07-03T02:00:00.000Z,2611.7,1371.45,2348.22,5688,1742.47,5,3,2025,7
2025-07-02T19:00:00.000Z,2025-07-03T01:00:00.000Z,2401.04,1235.64,1989.69,5688,1713.42,5,3,2025,7
2025-07-02T18:00:00.000Z,2025-07-03T00:00:00.000Z,2292.43,1228.64,1939.14,5688,2259.25,5,3,2025,7
2025-07-02T17:00:00.000Z,2025-07-02T23:00:00.000Z,2471.23,1127.08,2030.65,5688,2361.21,4,2,2025,7
2025-07-02T16:00:00.000Z,2025-07-02T22:00:00.000Z,2439.81,1499.1,1998.55,5688,2321.88,4,2,2025,7
2025-07-02T15:00:00.000Z,2025-07-02T21:00:00.000Z,2441.98,1323.67,1890.34,5688,2164.71,4,2,2025,7
2025-07-02T14:00:00.000Z,2025-07-02T20:00:00.000Z,2484.61,1166.89,1802.12,5688,1849.32,4,2,2025,7
2025-07-02T13:00:00.000Z,2025-07-02T19:00:00.000Z,2272.76,1095.88,1666.67,5688,1641.84,4,2,2025,7
2025-07-02T12:00:00.000Z,2025-07-02T18:00:00.000Z,2074.14,1066.08,1433.63,5688,1379.49,4,2,2025,7
2025-07-02T11:00:00.000Z,2025-07-02T17:00:00.000Z,1824.55,1007.05,1298.42,5688,1162.21,4,2,2025,7
2025-07-02T10:00:00.000Z,2025-07-02T16:00:00.000Z,1817.91,869.82,1223.83,5688,995.84,4,2,2025,7
2025-07-02T09:00:00.000Z,2025-07-02T15:00:00.000Z,1829.33,852.07,1380.86,5688,924.42,4,2,2025,7
2025-07-02T08:00:00.000Z,2025-07-02T14:00:00.000Z,2180.66,1043.16,1766.8,5688,1254.82,4,2,2025,7
2025-07-02T07:00:00.000Z,2025-07-02T13:00:00.000Z,2586.97,1427.13,2185.3,5688,1805.36,4,2,2025,7
2025-07-02T06:00:00.000Z,2025-07-02T12:00:00.000Z,2957.71,1753.05,2410.59,5688,2206.58,4,2,2025,7
2025-07-02T05:00:00.000Z,2025-07-02T11:00:00.000Z,3140.86,1887.28,2527.98,5688,2274.37,4,2,2025,7
2025-07-02T04:00:00.000Z,2025-07-02T10:00:00.000Z,3030.94,1935.65,2543.93,5688,2395.78,4,2,2025,7
2025-07-02T03:00:00.000Z,2025-07-02T09:00:00.000Z,3168.95,1965.27,2596.02,5688,2536.92,4,2,2025,7
2025-07-02T02:00:00.000Z,2025-07-02T08:00:00.000Z,3267.19,1827.15,2583.65,5688,2741.25,4,2,2025,7
2025-07-02T01:00:00.000Z,2025-07-02T07:00:00.000Z,3383.87,1709.65,2469.04,5688,2898.96,4,2,2025,7
2025-07-02T00:00:00.000Z,2025-07-02T06:00:00.000Z,3226.5,1252.59,2114.0,5688,2730.69,4,2,2025,7
2025-07-01T23:00:00.000Z,2025-07-02T05:00:00.000Z,2710.32,1190.55,1863.74,5688,2688.18,4,2,2025,7
2025-07-01T22:00:00.000Z,2025-07-02T04:00:00.000Z,1950.53,1066.1,1487.06,5688,2374.34,4,2,2025,7
2025-07-01T21:00:00.000Z,2025-07-02T03:00:00.000Z,1355.77,721.44,1077.71,5688,1442.99,4,2,2025,7
2025-07-01T20:00:00.000Z,2025-07-02T02:00:00.000Z,871.07,403.57,658.59,5688,773.59,4,2,2025,7
2025-07-01T19:00:00.000Z,2025-07-02T01:00:00.000Z,599.95,238.58,393.92,5688,518.73,4,2,2025,7
2025-07-01T18:00:00.000Z,2025-07-02T00:00:00.000Z,483.81,99.88,246.32,5688,399.95,4,2,2025,7
2025-07-01T17:00:00.000Z,2025-07-01T23:00:00.000Z,407.04,81.32,193.57,5688,252.04,3,1,2025,7
2025-07-01T16:00:00.000Z,2025-07-01T22:00:00.000Z,247.36,84.33,150.38,5688,188.51,3,1,2025,7
2025-07-01T15:00:00.000Z,2025-07-01T21:00:00.000Z,251.15,67.8,133.31,5688,138.67,3,1,2025,7
2025-07-01T14:00:00.000Z,2025-07-01T20:00:00.000Z,253.93,46.79,124.59,5688,78.69,3,1,2025,7
2025-07-01T13:00:00.000Z,2025-07-01T19:00:00.000Z,252.19,60.45,134.29,5688,68.97,3,1,2025,7
2025-07-01T12:00:00.000Z,2025-07-01T18:00:00.000Z,261.26,79.19,154.07,5688,61.09,3,1,2025,7
2025-07-01T11:00:00.000Z,2025-07-01T17:00:00.000Z,302.33,84.46,163.33,5688,92.13,3,1,2025,7
2025-07-01T10:00:00.000Z,2025-07-01T16:00:00.000Z,357.65,102.13,206.04,5688,125.66,3,1,2025,7
2025-07-01T09:00:00.000Z,2025-07-01T15:00:00.000Z,561.66,62.62,269.77,5688,82.41,3,1,2025,7
2025-07-01T08:00:00.000Z,2025-07-01T14:00:00.000Z,824.43,68.29,407.41,5688,165.34,3,1,2025,7
2025-07-01T07:00:00.000Z,2025-07-01T13:00:00.000Z,1350.76,233.08,672.9,5688,305.42,3,1,2025,7
2025-07-01T06:00:00.000Z,2025-07-01T12:00:00.000Z,1924.76,473.55,945.18,5688,398.51,3,1,2025,7
2025-07-01T05:00:00.000Z,2025-07-01T11:00:00.000Z,2064.09,648.44,1186.41,5688,440.05,3,1,2025,7
2025-07-01T04:00:00.000Z,2025-07-01T10:00:00.000Z,2595.87,720.95,1439.85,5688,438.68,3,1,2025,7
2025-07-01T03:00:00.000Z,2025-07-01T09:00:00.000Z,2622.55,968.34,1561.28,5688,615.15,3,1,2025,7
2025-07-01T02:00:00.000Z,2025-07-01T08:00:00.000Z,2471.37,1044.14,1561.47,5688,818.89,3,1,2025,7
2025-07-01T01:00:00.000Z,2025-07-01T07:00:00.000Z,2104.97,1131.03,1550.41,5688,709.79,3,1,2025,7
2025-07-01T00:00:00.000Z,2025-07-01T06:00:00.000Z,1805.32,1094.12,1446.35,5688,728.18,3,1,2025,7
2025-06-30T23:00:00.000Z,2025-07-01T05:00:00.000Z,1617.41,969.86,1295.62,5688,691.02,3,1,2025,7
2025-06-30T22:00:00.000Z,2025-07-01T04:00:00.000Z,,,,5688,526.55,3,1,2025,7
2025-06-30T21:00:00.000Z,2025-07-01T03:00:00.000Z,1038.55,471.31,818.61,5688,331.09,3,1,2025,7
2025-06-30T20:00:00.000Z,2025-07-01T02:00:00.000Z,784.41,331.06,546.81,5688,214.03,3,1,2025,7
2025-06-30T19:00:00.000Z,2025-07-01T01:00:00.000Z,495.4,264.81,371.31,5688,224.95,3,1,2025,7
2025-06-30T18:00:00.000Z,2025-07-01T00:00:00.000Z,484.42,261.32,330.68,5688,254.05,3,1,2025,7
